Date,Product,TradeDate,LastPriceDaily [EUR/MWh],DailyTradingVolume [MWh/d]
2015-12-17,DA,2015-12-16,19.55,50.0
2015-12-19,DA,2015-12-18,19.4,50.0
2015-12-30,DA,2015-12-29,19.25,1100.0
2016-01-06,DA,2016-01-05,19.0,500.0
2016-01-08,DA,2016-01-07,18.75,81.0
2016-01-13,DA,2016-01-12,18.5,10.0
2016-01-15,DA,2016-01-14,17.69,2900.0
2016-01-16,DA,2016-01-15,17.52,2935.0
2016-01-17,DA,2016-01-16,17.49,2900.0
2016-01-18,DA,2016-01-17,17.38,2900.0
2016-01-19,DA,2016-01-18,16.8,3200.0
2016-01-20,DA,2016-01-19,17.69,3000.0
2016-01-21,DA,2016-01-20,17.4,2700.0
2016-01-22,DA,2016-01-21,16.94,2500.0
2016-01-23,DA,2016-01-22,16.9,3200.0
2016-01-24,DA,2016-01-23,16.62,3000.0
2016-01-25,DA,2016-01-24,16.79,2500.0
2016-01-26,DA,2016-01-25,16.76,2500.0
2016-01-27,DA,2016-01-26,16.79,3000.0
2016-01-28,DA,2016-01-27,16.98,3100.0
2016-01-29,DA,2016-01-28,16.98,3100.0
2016-01-30,DA,2016-01-29,16.97,3300.0
2016-01-31,DA,2016-01-30,16.83,3300.0
2016-02-01,DA,2016-01-31,16.93,3300.0
2016-02-02,DA,2016-02-01,16.93,3313.0
2016-02-03,DA,2016-02-02,16.93,3100.0
2016-02-04,DA,2016-02-03,16.6,3229.0
2016-02-05,DA,2016-02-04,16.89,2530.0
2016-02-06,DA,2016-02-05,16.19,2230.0
2016-02-07,DA,2016-02-06,16.0,2130.0
2016-02-08,DA,2016-02-07,16.24,2130.0
2016-02-09,DA,2016-02-08,16.55,2430.0
2016-02-10,DA,2016-02-09,16.73,2130.0
2016-02-11,DA,2016-02-10,16.4,5630.0
2016-02-12,DA,2016-02-11,16.0,6000.0
2016-02-13,DA,2016-02-12,15.98,2200.0
2016-02-14,DA,2016-02-13,15.97,2301.0
2016-02-15,DA,2016-02-14,16.62,2200.0
2016-02-16,DA,2016-02-15,16.15,2300.0
2016-02-17,DA,2016-02-16,16.14,2300.0
2016-02-18,DA,2016-02-17,16.2,3300.0
2016-02-19,DA,2016-02-18,16.35,2400.0
2016-02-20,DA,2016-02-19,16.04,2000.0
2016-02-21,DA,2016-02-20,16.04,1800.0
2016-02-22,DA,2016-02-21,16.24,1500.0
2016-02-23,DA,2016-02-22,16.29,2000.0
2016-02-24,DA,2016-02-23,16.18,2500.0
2016-02-25,DA,2016-02-24,16.21,3869.0
2016-02-26,DA,2016-02-25,16.2,2649.0
2016-02-27,DA,2016-02-26,16.18,1823.0
2016-02-28,DA,2016-02-27,16.04,1823.0
2016-02-29,DA,2016-02-28,16.2,2123.0
2016-03-01,DA,2016-02-29,16.24,2100.0
2016-03-02,DA,2016-03-01,16.0,2350.0
2016-03-03,DA,2016-03-02,16.1,2150.0
2016-03-04,DA,2016-03-03,15.7,3000.0
2016-03-05,DA,2016-03-04,15.5,4970.0
2016-03-06,DA,2016-03-05,16.4,2668.0
2016-03-07,DA,2016-03-06,16.38,2668.0
2016-03-08,DA,2016-03-07,16.04,1600.0
2016-03-09,DA,2016-03-08,15.75,3100.0
2016-03-10,DA,2016-03-09,16.15,3500.0
2016-03-11,DA,2016-03-10,16.1,2000.0
2016-03-12,DA,2016-03-11,16.1,1562.0
2016-03-13,DA,2016-03-12,16.15,1482.0
2016-03-14,DA,2016-03-13,16.35,1712.0
2016-03-15,DA,2016-03-14,16.05,2942.0
2016-03-16,DA,2016-03-15,16.15,3200.0
2016-03-17,DA,2016-03-16,16.15,2700.0
2016-03-18,DA,2016-03-17,16.0,2900.0
2016-03-19,DA,2016-03-18,16.05,2176.0
2016-03-20,DA,2016-03-19,15.94,1356.0
2016-03-21,DA,2016-03-20,16.14,2356.0
2016-03-22,DA,2016-03-21,15.94,2556.0
2016-03-23,DA,2016-03-22,15.83,2100.0
2016-03-24,DA,2016-03-23,15.6,2082.0
2016-03-25,DA,2016-03-24,15.69,1432.0
2016-03-26,DA,2016-03-25,15.54,1432.0
2016-03-27,DA,2016-03-26,15.52,1432.0
2016-03-28,DA,2016-03-27,15.39,1432.0
2016-03-29,DA,2016-03-28,15.0,1800.0
2016-03-30,DA,2016-03-29,14.99,1400.0
2016-03-31,DA,2016-03-30,14.89,1425.0
2016-04-01,DA,2016-03-31,14.5,1150.0
2016-04-02,DA,2016-04-01,13.85,2500.0
2016-04-03,DA,2016-04-02,13.5,3300.0
2016-04-04,DA,2016-04-03,13.73,1800.0
2016-04-05,DA,2016-04-04,13.64,1800.0
2016-04-06,DA,2016-04-05,13.5,3500.0
2016-04-07,DA,2016-04-06,13.55,3500.0
2016-04-08,DA,2016-04-07,13.49,3500.0
2016-04-09,DA,2016-04-08,13.24,1530.0
2016-04-10,DA,2016-04-09,13.1,1500.0
2016-04-11,DA,2016-04-10,13.0,1800.0
2016-04-12,DA,2016-04-11,13.25,3050.0
2016-04-13,DA,2016-04-12,13.04,2400.0
2016-04-14,DA,2016-04-13,13.3,2585.0
2016-04-15,DA,2016-04-14,13.04,2000.0
2016-04-16,DA,2016-04-15,12.88,1530.0
2016-04-17,DA,2016-04-16,12.74,1500.0
2016-04-18,DA,2016-04-17,12.78,2000.0
2016-04-19,DA,2016-04-18,12.0,1740.0
2016-04-20,DA,2016-04-19,12.85,1300.0
2016-04-21,DA,2016-04-20,12.9,1506.0
2016-04-22,DA,2016-04-21,13.5,3109.0
2016-04-23,DA,2016-04-22,13.9,1461.0
2016-04-24,DA,2016-04-23,13.45,436.0
2016-04-25,DA,2016-04-24,13.65,950.0
2016-04-26,DA,2016-04-25,13.65,4390.0
2016-04-27,DA,2016-04-26,14.5,2350.0
2016-04-28,DA,2016-04-27,15.05,3340.0
2016-04-29,DA,2016-04-28,14.5,1422.0
2016-04-30,DA,2016-04-29,13.6,1800.0
2016-05-01,DA,2016-04-30,13.7,1300.0
2016-05-02,DA,2016-05-01,13.8,1345.0
2016-05-03,DA,2016-05-02,13.79,1305.0
2016-05-04,DA,2016-05-03,13.5,1398.0
2016-05-05,DA,2016-05-04,12.72,1737.0
2016-05-06,DA,2016-05-05,12.65,3035.0
2016-05-07,DA,2016-05-06,12.39,4382.0
2016-05-08,DA,2016-05-07,13.2,1800.0
2016-05-09,DA,2016-05-08,12.5,2232.0
2016-05-10,DA,2016-05-09,12.9,3226.0
2016-05-11,DA,2016-05-10,12.7,2190.0
2016-05-12,DA,2016-05-11,13.45,3345.0
2016-05-13,DA,2016-05-12,13.25,1440.0
2016-05-14,DA,2016-05-13,13.3,6056.0
2016-05-15,DA,2016-05-14,12.74,500.0
2016-05-16,DA,2016-05-15,12.7,1000.0
2016-05-17,DA,2016-05-16,12.7,1160.0
2016-05-18,DA,2016-05-17,13.25,1790.0
2016-05-19,DA,2016-05-18,13.25,1340.0
2016-05-20,DA,2016-05-19,13.5,5006.0
2016-05-21,DA,2016-05-20,13.2,5470.0
2016-05-22,DA,2016-05-21,13.6,1000.0
2016-05-23,DA,2016-05-22,13.74,1000.0
2016-05-24,DA,2016-05-23,13.49,3240.0
2016-05-25,DA,2016-05-24,13.65,3240.0
2016-05-26,DA,2016-05-25,13.8,2240.0
2016-05-27,DA,2016-05-26,13.75,3106.0
2016-05-28,DA,2016-05-27,14.7,2641.0
2016-05-29,DA,2016-05-28,14.2,1000.0
2016-05-30,DA,2016-05-29,13.95,1000.0
2016-05-31,DA,2016-05-30,14.05,3237.0
2016-06-01,DA,2016-05-31,14.27,2002.0
2016-06-02,DA,2016-06-01,14.25,1307.0
2016-06-03,DA,2016-06-02,14.05,1246.0
2016-06-04,DA,2016-06-03,14.25,2010.0
2016-06-05,DA,2016-06-04,14.25,1500.0
2016-06-06,DA,2016-06-05,14.3,800.0
2016-06-07,DA,2016-06-06,14.75,2591.0
2016-06-08,DA,2016-06-07,14.8,2241.0
2016-06-09,DA,2016-06-08,14.75,3508.0
2016-06-10,DA,2016-06-09,14.53,2008.0
2016-06-11,DA,2016-06-10,15.05,2500.0
2016-06-12,DA,2016-06-11,15.22,3500.0
2016-06-13,DA,2016-06-12,14.55,3000.0
2016-06-14,DA,2016-06-13,14.46,3008.0
2016-06-15,DA,2016-06-14,13.5,3036.0
2016-06-16,DA,2016-06-15,14.05,4007.0
2016-06-17,DA,2016-06-16,13.89,3506.0
2016-06-18,DA,2016-06-17,14.1,3507.0
2016-06-19,DA,2016-06-18,15.0,3500.0
2016-06-20,DA,2016-06-19,14.9,3000.0
2016-06-21,DA,2016-06-20,14.76,5240.0
2016-06-22,DA,2016-06-21,15.12,9598.0
2016-06-23,DA,2016-06-22,15.04,6740.0
2016-06-24,DA,2016-06-23,15.04,5240.0
2016-06-25,DA,2016-06-24,14.9,28517.0
2016-06-26,DA,2016-06-25,15.35,13080.0
2016-06-27,DA,2016-06-26,15.35,13240.0
2016-06-28,DA,2016-06-27,15.0,35740.0
2016-06-29,DA,2016-06-28,14.9,23224.0
2016-06-30,DA,2016-06-29,15.1,19164.0
2016-07-01,DA,2016-06-30,15.28,16740.0
2016-07-02,DA,2016-07-01,14.5,12742.0
2016-07-03,DA,2016-07-02,15.24,7904.0
2016-07-04,DA,2016-07-03,15.21,12858.0
2016-07-05,DA,2016-07-04,15.03,15050.0
2016-07-06,DA,2016-07-05,14.93,7073.0
2016-07-07,DA,2016-07-06,14.8,7046.0
2016-07-08,DA,2016-07-07,14.85,4082.0
2016-07-09,DA,2016-07-08,14.93,8318.0
2016-07-10,DA,2016-07-09,14.79,1096.0
2016-07-11,DA,2016-07-10,14.94,2240.0
2016-07-12,DA,2016-07-11,14.6,10771.0
2016-07-13,DA,2016-07-12,14.9,11892.0
2016-07-14,DA,2016-07-13,14.85,6224.0
2016-07-15,DA,2016-07-14,15.55,7241.0
2016-07-16,DA,2016-07-15,14.35,5012.0
2016-07-17,DA,2016-07-16,15.15,1868.0
2016-07-18,DA,2016-07-17,15.3,7286.0
2016-07-19,DA,2016-07-18,15.01,12992.0
2016-07-20,DA,2016-07-19,15.13,6748.0
2016-07-21,DA,2016-07-20,15.38,8848.0
2016-07-22,DA,2016-07-21,15.2,9500.0
2016-07-23,DA,2016-07-22,15.75,8500.0
2016-07-24,DA,2016-07-23,16.1,2096.0
2016-07-25,DA,2016-07-24,16.26,4500.0
2016-07-26,DA,2016-07-25,16.42,10500.0
2016-07-27,DA,2016-07-26,16.42,14000.0
2016-07-28,DA,2016-07-27,16.1,10424.0
2016-07-29,DA,2016-07-28,16.1,7964.0
2016-07-30,DA,2016-07-29,15.7,8500.0
2016-07-31,DA,2016-07-30,16.0,4846.0
2016-08-01,DA,2016-07-31,16.16,5000.0
2016-08-02,DA,2016-08-01,15.5,10995.0
2016-08-03,DA,2016-08-02,15.6,7477.0
2016-08-04,DA,2016-08-03,15.85,7530.0
2016-08-05,DA,2016-08-04,15.6,7425.0
2016-08-06,DA,2016-08-05,15.7,9035.0
2016-08-07,DA,2016-08-06,15.6,3380.0
2016-08-08,DA,2016-08-07,15.76,9400.0
2016-08-09,DA,2016-08-08,15.1,5832.0
2016-08-10,DA,2016-08-09,15.1,5770.0
2016-08-11,DA,2016-08-10,15.1,9002.0
2016-08-12,DA,2016-08-11,15.2,4339.0
2016-08-13,DA,2016-08-12,15.3,2916.0
2016-08-14,DA,2016-08-13,15.4,2128.0
2016-08-15,DA,2016-08-14,15.71,5550.0
2016-08-16,DA,2016-08-15,15.87,13870.0
2016-08-17,DA,2016-08-16,15.45,13303.0
2016-08-18,DA,2016-08-17,15.4,5040.0
2016-08-19,DA,2016-08-18,15.66,7830.0
2016-08-20,DA,2016-08-19,15.9,3620.0
2016-08-21,DA,2016-08-20,15.82,7000.0
2016-08-22,DA,2016-08-21,15.82,3250.0
2016-08-23,DA,2016-08-22,15.85,2604.0
2016-08-24,DA,2016-08-23,15.85,10032.0
2016-08-25,DA,2016-08-24,15.75,11663.0
2016-08-26,DA,2016-08-25,15.8,6502.0
2016-08-27,DA,2016-08-26,15.9,5763.0
2016-08-28,DA,2016-08-27,15.9,1750.0
2016-08-29,DA,2016-08-28,15.9,9642.0
2016-08-30,DA,2016-08-29,15.85,6000.0
2016-08-31,DA,2016-08-30,16.2,6010.0
2016-09-01,DA,2016-08-31,16.06,6950.0
2016-09-02,DA,2016-09-01,16.3,7710.0
2016-09-03,DA,2016-09-02,16.2,9092.0
2016-09-04,DA,2016-09-03,16.3,7840.0
2016-09-05,DA,2016-09-04,16.59,12751.0
2016-09-06,DA,2016-09-05,16.6,8397.0
2016-09-07,DA,2016-09-06,16.53,5000.0
2016-09-08,DA,2016-09-07,16.56,4000.0
2016-09-09,DA,2016-09-08,16.95,13629.0
2016-09-10,DA,2016-09-09,16.4,10164.0
2016-09-11,DA,2016-09-10,16.8,4370.0
2016-09-12,DA,2016-09-11,16.8,7120.0
2016-09-13,DA,2016-09-12,17.0,15200.0
2016-09-14,DA,2016-09-13,17.27,12700.0
2016-09-15,DA,2016-09-14,17.6,13602.0
2016-09-16,DA,2016-09-15,17.2,18700.0
2016-09-17,DA,2016-09-16,17.0,23817.0
2016-09-18,DA,2016-09-17,16.9,9877.0
2016-09-19,DA,2016-09-18,16.8,3102.0
2016-09-20,DA,2016-09-19,16.6,14425.0
2016-09-21,DA,2016-09-20,16.65,14977.0
2016-09-22,DA,2016-09-21,16.77,3752.0
2016-09-23,DA,2016-09-22,16.7,14254.0
2016-09-24,DA,2016-09-23,16.9,17172.0
2016-09-25,DA,2016-09-24,16.8,7178.0
2016-09-26,DA,2016-09-25,16.8,7178.0
2016-09-27,DA,2016-09-26,16.95,15178.0
2016-09-28,DA,2016-09-27,16.75,4700.0
2016-09-29,DA,2016-09-28,16.81,18375.0
2016-09-30,DA,2016-09-29,16.9,17733.0
2016-10-01,DA,2016-09-30,16.83,8248.0
2016-10-02,DA,2016-10-01,17.5,4819.0
2016-10-03,DA,2016-10-02,16.73,2451.0
2016-10-04,DA,2016-10-03,16.95,8024.0
2016-10-05,DA,2016-10-04,17.05,10260.0
2016-10-06,DA,2016-10-05,17.55,2770.0
2016-10-07,DA,2016-10-06,18.2,19750.0
2016-10-08,DA,2016-10-07,20.1,58728.0
2016-10-09,DA,2016-10-08,18.0,3876.0
2016-10-10,DA,2016-10-09,19.8,8200.0
2016-10-11,DA,2016-10-10,18.8,9524.0
2016-10-12,DA,2016-10-11,17.5,15383.0
2016-10-13,DA,2016-10-12,18.4,21151.0
2016-10-14,DA,2016-10-13,18.8,16600.0
2016-10-15,DA,2016-10-14,17.9,4433.0
2016-10-16,DA,2016-10-15,17.4,6503.0
2016-10-17,DA,2016-10-16,19.3,2500.0
2016-10-18,DA,2016-10-17,19.35,15524.0
2016-10-19,DA,2016-10-18,20.0,21524.0
2016-10-20,DA,2016-10-19,21.15,10844.0
2016-10-21,DA,2016-10-20,21.6,22574.0
2016-10-22,DA,2016-10-21,18.0,8229.0
2016-10-23,DA,2016-10-22,18.9,4195.0
2016-10-24,DA,2016-10-23,21.7,2500.0
2016-10-25,DA,2016-10-24,21.72,43009.0
2016-10-26,DA,2016-10-25,21.8,81524.0
2016-10-27,DA,2016-10-26,21.85,9174.0
2016-10-28,DA,2016-10-27,21.5,11213.0
2016-10-29,DA,2016-10-28,20.0,7878.0
2016-10-30,DA,2016-10-29,20.2,2765.0
2016-10-31,DA,2016-10-30,21.15,2000.0
2016-11-01,DA,2016-10-31,19.2,4216.0
2016-11-02,DA,2016-11-01,21.0,7718.0
2016-11-03,DA,2016-11-02,21.85,7134.0
2016-11-04,DA,2016-11-03,21.5,10725.0
2016-11-05,DA,2016-11-04,19.6,10811.0
2016-11-06,DA,2016-11-05,20.8,1500.0
2016-11-07,DA,2016-11-06,21.25,1500.0
2016-11-08,DA,2016-11-07,21.35,24610.0
2016-11-09,DA,2016-11-08,21.7,42170.0
2016-11-10,DA,2016-11-09,22.0,8577.0
2016-11-11,DA,2016-11-10,22.7,21893.0
2016-11-12,DA,2016-11-11,22.4,43660.0
2016-11-13,DA,2016-11-12,20.7,3500.0
2016-11-14,DA,2016-11-13,21.8,3500.0
2016-11-15,DA,2016-11-14,22.0,7984.0
2016-11-16,DA,2016-11-15,22.2,12885.0
2016-11-17,DA,2016-11-16,22.7,7929.0
2016-11-18,DA,2016-11-17,22.9,15893.0
2016-11-19,DA,2016-11-18,22.0,27684.0
2016-11-20,DA,2016-11-19,19.7,3500.0
2016-11-21,DA,2016-11-20,23.2,2500.0
2016-11-22,DA,2016-11-21,22.75,8288.0
2016-11-23,DA,2016-11-22,22.82,23450.0
2016-11-24,DA,2016-11-23,22.95,7557.0
2016-11-25,DA,2016-11-24,22.9,5200.0
2016-11-26,DA,2016-11-25,19.9,24868.0
2016-11-27,DA,2016-11-26,21.0,3400.0
2016-11-28,DA,2016-11-27,23.68,3000.0
2016-11-29,DA,2016-11-28,23.35,40604.0
2016-11-30,DA,2016-11-29,23.35,15436.0
2016-12-01,DA,2016-11-30,23.15,5635.0
2016-12-02,DA,2016-12-01,23.45,8515.0
2016-12-03,DA,2016-12-02,21.6,15415.0
2016-12-04,DA,2016-12-03,23.6,20185.0
2016-12-05,DA,2016-12-04,23.2,12000.0
2016-12-06,DA,2016-12-05,23.9,30707.0
2016-12-07,DA,2016-12-06,23.0,8084.0
2016-12-08,DA,2016-12-07,22.6,6674.0
2016-12-09,DA,2016-12-08,22.6,5200.0
2016-12-10,DA,2016-12-09,22.11,12903.0
2016-12-11,DA,2016-12-10,22.0,2992.0
2016-12-12,DA,2016-12-11,23.15,2000.0
2016-12-13,DA,2016-12-12,23.87,13434.0
2016-12-14,DA,2016-12-13,26.5,26434.0
2016-12-15,DA,2016-12-14,25.25,49034.0
2016-12-16,DA,2016-12-15,26.0,37088.0
2016-12-17,DA,2016-12-16,24.6,12870.0
2016-12-18,DA,2016-12-17,25.8,4510.0
2016-12-19,DA,2016-12-18,25.49,5000.0
2016-12-20,DA,2016-12-19,25.29,4000.0
2016-12-21,DA,2016-12-20,26.2,3509.0
2016-12-22,DA,2016-12-21,26.6,22700.0
2016-12-23,DA,2016-12-22,26.5,13200.0
2016-12-24,DA,2016-12-23,25.5,6710.0
2016-12-25,DA,2016-12-24,25.6,3000.0
2016-12-26,DA,2016-12-25,25.4,2500.0
2016-12-27,DA,2016-12-26,17.0,53500.0
2016-12-28,DA,2016-12-27,24.25,24500.0
2016-12-29,DA,2016-12-28,24.25,6000.0
2016-12-30,DA,2016-12-29,24.8,10300.0
2016-12-31,DA,2016-12-30,24.75,16083.0
2017-01-01,DA,2016-12-31,24.5,2800.0
2017-01-02,DA,2017-01-01,29.0,8000.0
2017-01-03,DA,2017-01-02,28.5,4000.0
2017-01-04,DA,2017-01-03,29.0,24719.0
2017-01-05,DA,2017-01-04,29.4,10355.0
2017-01-06,DA,2017-01-05,30.2,8464.0
2017-01-07,DA,2017-01-06,32.45,6735.0
2017-01-08,DA,2017-01-07,33.45,3005.0
2017-01-09,DA,2017-01-08,39.5,9700.0
2017-01-10,DA,2017-01-09,39.5,16507.0
2017-01-11,DA,2017-01-10,40.5,27527.0
2017-01-12,DA,2017-01-11,41.99,28040.0
2017-01-13,DA,2017-01-12,41.85,20580.0
2017-01-14,DA,2017-01-13,38.0,18180.0
2017-01-15,DA,2017-01-14,36.0,4850.0
2017-01-16,DA,2017-01-15,39.5,4704.0
2017-01-17,DA,2017-01-16,38.5,20331.0
2017-01-18,DA,2017-01-17,38.95,9004.0
2017-01-19,DA,2017-01-18,35.75,34709.0
2017-01-20,DA,2017-01-19,36.0,93410.0
2017-01-21,DA,2017-01-20,37.1,37321.0
2017-01-22,DA,2017-01-21,38.75,6000.0
2017-01-23,DA,2017-01-22,43.0,3500.0
2017-01-24,DA,2017-01-23,40.0,30050.0
2017-01-25,DA,2017-01-24,40.61,22100.0
2017-01-26,DA,2017-01-25,41.55,34000.0
2017-01-27,DA,2017-01-26,41.3,42000.0
2017-01-28,DA,2017-01-27,34.5,19784.0
2017-01-29,DA,2017-01-28,35.0,3850.0
2017-01-30,DA,2017-01-29,36.0,9815.0
2017-01-31,DA,2017-01-30,35.5,9300.0
2017-02-01,DA,2017-01-31,31.0,12840.0
2017-02-02,DA,2017-02-01,26.4,12541.0
2017-02-03,DA,2017-02-02,25.5,10280.0
2017-02-04,DA,2017-02-03,25.4,14046.0
2017-02-05,DA,2017-02-04,25.5,3101.0
2017-02-06,DA,2017-02-05,28.7,6900.0
2017-02-07,DA,2017-02-06,25.8,13565.0
2017-02-08,DA,2017-02-07,25.6,4110.0
2017-02-09,DA,2017-02-08,25.45,14585.0
2017-02-10,DA,2017-02-09,23.8,12777.0
2017-02-11,DA,2017-02-10,20.55,12926.0
2017-02-12,DA,2017-02-11,22.0,5900.0
2017-02-13,DA,2017-02-12,22.55,6400.0
2017-02-14,DA,2017-02-13,19.9,11075.0
2017-02-15,DA,2017-02-14,19.7,7029.0
2017-02-16,DA,2017-02-15,19.85,4490.0
2017-02-17,DA,2017-02-16,19.55,9898.0
2017-02-18,DA,2017-02-17,18.7,7298.0
2017-02-19,DA,2017-02-18,19.5,5546.0
2017-02-20,DA,2017-02-19,19.7,2101.0
2017-02-21,DA,2017-02-20,19.05,12481.0
2017-02-22,DA,2017-02-21,18.5,14340.0
2017-02-23,DA,2017-02-22,18.4,10466.0
2017-02-24,DA,2017-02-23,18.4,19237.0
2017-02-25,DA,2017-02-24,18.2,10608.0
2017-02-26,DA,2017-02-25,18.25,3801.0
2017-02-27,DA,2017-02-26,18.4,2101.0
2017-02-28,DA,2017-02-27,17.85,7910.0
2017-03-01,DA,2017-02-28,17.7,6112.0
2017-03-02,DA,2017-03-01,17.75,7770.0
2017-03-03,DA,2017-03-02,17.45,7810.0
2017-03-04,DA,2017-03-03,16.3,9375.0
2017-03-05,DA,2017-03-04,17.3,2301.0
2017-03-06,DA,2017-03-05,17.4,2301.0
2017-03-07,DA,2017-03-06,16.9,4472.0
2017-03-08,DA,2017-03-07,16.8,6206.0
2017-03-09,DA,2017-03-08,16.3,6728.0
2017-03-10,DA,2017-03-09,16.35,14854.0
2017-03-11,DA,2017-03-10,15.95,21874.0
2017-03-12,DA,2017-03-11,15.7,19600.0
2017-03-13,DA,2017-03-12,15.7,17400.0
2017-03-14,DA,2017-03-13,16.15,11695.0
2017-03-15,DA,2017-03-14,16.3,13257.0
2017-03-16,DA,2017-03-15,16.7,17953.0
2017-03-17,DA,2017-03-16,16.35,15700.0
2017-03-18,DA,2017-03-17,16.15,13055.0
2017-03-19,DA,2017-03-18,16.68,800.0
2017-03-20,DA,2017-03-19,18.5,750.0
2017-03-21,DA,2017-03-20,16.75,3620.0
2017-03-22,DA,2017-03-21,16.51,7411.0
2017-03-23,DA,2017-03-22,16.5,7340.0
2017-03-24,DA,2017-03-23,17.0,7950.0
2017-03-25,DA,2017-03-24,16.5,15014.0
2017-03-26,DA,2017-03-25,17.65,14503.0
2017-03-27,DA,2017-03-26,19.0,37500.0
2017-03-28,DA,2017-03-27,16.75,12800.0
2017-03-29,DA,2017-03-28,16.8,9491.0
2017-03-30,DA,2017-03-29,16.55,10850.0
2017-03-31,DA,2017-03-30,16.31,12940.0
2017-04-01,DA,2017-03-31,17.0,8712.0
2017-04-02,DA,2017-04-01,18.25,2000.0
2017-04-03,DA,2017-04-02,18.11,2504.0
2017-04-04,DA,2017-04-03,18.15,3734.0
2017-04-05,DA,2017-04-04,18.1,4054.0
2017-04-06,DA,2017-04-05,18.05,4476.0
2017-04-07,DA,2017-04-06,18.01,5327.0
2017-04-08,DA,2017-04-07,18.15,6071.0
2017-04-09,DA,2017-04-08,18.3,1810.0
2017-04-10,DA,2017-04-09,18.3,1300.0
2017-04-11,DA,2017-04-10,18.1,6850.0
2017-04-12,DA,2017-04-11,17.4,17735.0
2017-04-13,DA,2017-04-12,17.25,4425.0
2017-04-14,DA,2017-04-13,17.2,2100.0
2017-04-15,DA,2017-04-14,17.9,2100.0
2017-04-16,DA,2017-04-15,18.0,350.0
2017-04-18,DA,2017-04-17,18.14,4000.0
2017-04-19,DA,2017-04-18,18.04,7550.0
2017-04-20,DA,2017-04-19,17.75,9168.0
2017-04-21,DA,2017-04-20,17.8,5500.0
2017-04-22,DA,2017-04-21,18.0,5802.0
2017-04-23,DA,2017-04-22,17.9,3200.0
2017-04-24,DA,2017-04-23,18.2,2700.0
2017-04-25,DA,2017-04-24,17.8,2701.0
2017-04-26,DA,2017-04-25,17.6,4554.0
2017-04-27,DA,2017-04-26,17.85,6404.0
2017-04-28,DA,2017-04-27,18.0,5478.0
2017-04-29,DA,2017-04-28,18.25,5905.0
2017-04-30,DA,2017-04-29,18.5,300.0
2017-05-01,DA,2017-04-30,18.5,834.0
2017-05-02,DA,2017-05-01,18.5,300.0
2017-05-03,DA,2017-05-02,18.3,5000.0
2017-05-04,DA,2017-05-03,18.4,8453.0
2017-05-05,DA,2017-05-04,18.7,6538.0
2017-05-06,DA,2017-05-05,17.95,9671.0
2017-05-07,DA,2017-05-06,18.75,1000.0
2017-05-08,DA,2017-05-07,18.75,1319.0
2017-05-09,DA,2017-05-08,18.1,6055.0
2017-05-10,DA,2017-05-09,18.15,5211.0
2017-05-11,DA,2017-05-10,18.05,3911.0
2017-05-12,DA,2017-05-11,17.85,5131.0
2017-05-13,DA,2017-05-12,17.0,8235.0
2017-05-14,DA,2017-05-13,18.19,2450.0
2017-05-15,DA,2017-05-14,18.0,5000.0
2017-05-16,DA,2017-05-15,18.0,2051.0
2017-05-17,DA,2017-05-16,18.0,4329.0
2017-05-18,DA,2017-05-17,18.0,5065.0
2017-05-19,DA,2017-05-18,18.0,4800.0
2017-05-20,DA,2017-05-19,17.25,8218.0
2017-05-21,DA,2017-05-20,17.9,2567.0
2017-05-22,DA,2017-05-21,18.0,2000.0
2017-05-23,DA,2017-05-22,17.85,5330.0
2017-05-24,DA,2017-05-23,17.66,4748.0
2017-05-25,DA,2017-05-24,17.82,11388.0
2017-05-26,DA,2017-05-25,17.85,16208.0
2017-05-27,DA,2017-05-26,17.5,10053.0
2017-05-28,DA,2017-05-27,17.4,1300.0
2017-05-30,DA,2017-05-29,17.9,10811.0
2017-05-31,DA,2017-05-30,18.25,4318.0
2017-06-01,DA,2017-05-31,18.25,12974.0
2017-06-02,DA,2017-06-01,17.45,5793.0
2017-06-03,DA,2017-06-02,16.6,30398.0
2017-06-04,DA,2017-06-03,16.6,2983.0
2017-06-05,DA,2017-06-04,17.14,2583.0
2017-06-06,DA,2017-06-05,17.0,13500.0
2017-06-07,DA,2017-06-06,16.65,19466.0
2017-06-08,DA,2017-06-07,17.05,9763.0
2017-06-09,DA,2017-06-08,17.0,5100.0
2017-06-10,DA,2017-06-09,17.2,10986.0
2017-06-11,DA,2017-06-10,17.99,2500.0
2017-06-12,DA,2017-06-11,18.29,2500.0
2017-06-13,DA,2017-06-12,17.05,4803.0
2017-06-14,DA,2017-06-13,17.89,15077.0
2017-06-15,DA,2017-06-14,17.85,10690.0
2017-06-16,DA,2017-06-15,17.6,20716.0
2017-06-17,DA,2017-06-16,17.3,11540.0
2017-06-18,DA,2017-06-17,17.7,10883.0
2017-06-19,DA,2017-06-18,18.3,16500.0
2017-06-20,DA,2017-06-19,18.6,19792.0
2017-06-21,DA,2017-06-20,18.8,13801.0
2017-06-22,DA,2017-06-21,18.7,9716.0
2017-06-23,DA,2017-06-22,18.62,33104.0
2017-06-24,DA,2017-06-23,18.0,11196.0
2017-06-25,DA,2017-06-24,17.5,4283.0
2017-06-26,DA,2017-06-25,18.49,4700.0
2017-06-27,DA,2017-06-26,17.5,7966.0
2017-06-28,DA,2017-06-27,16.96,10423.0
2017-06-29,DA,2017-06-28,17.0,14846.0
2017-06-30,DA,2017-06-29,17.6,4804.0
2017-07-01,DA,2017-06-30,16.7,34550.0
2017-07-02,DA,2017-07-01,16.49,3565.0
2017-07-03,DA,2017-07-02,18.62,2500.0
2017-07-04,DA,2017-07-03,16.95,8130.0
2017-07-05,DA,2017-07-04,16.95,8890.0
2017-07-06,DA,2017-07-05,17.15,16653.0
2017-07-07,DA,2017-07-06,16.96,15111.0
2017-07-08,DA,2017-07-07,16.9,15089.0
2017-07-09,DA,2017-07-08,16.97,5115.0
2017-07-10,DA,2017-07-09,17.45,4500.0
2017-07-11,DA,2017-07-10,17.15,11748.0
2017-07-12,DA,2017-07-11,16.9,9320.0
2017-07-13,DA,2017-07-12,16.7,13798.0
2017-07-14,DA,2017-07-13,16.9,16913.0
2017-07-15,DA,2017-07-14,16.66,24530.0
2017-07-16,DA,2017-07-15,16.86,3000.0
2017-07-17,DA,2017-07-16,17.35,3000.0
2017-07-18,DA,2017-07-17,16.5,27104.0
2017-07-19,DA,2017-07-18,16.5,14198.0
2017-07-20,DA,2017-07-19,16.5,13113.0
2017-07-21,DA,2017-07-20,16.65,5173.0
2017-07-22,DA,2017-07-21,17.0,19314.0
2017-07-23,DA,2017-07-22,16.95,4086.0
2017-07-24,DA,2017-07-23,17.1,1901.0
2017-07-25,DA,2017-07-24,16.5,10873.0
2017-07-26,DA,2017-07-25,16.36,24903.0
2017-07-27,DA,2017-07-26,16.6,9323.0
2017-07-28,DA,2017-07-27,16.65,9708.0
2017-07-29,DA,2017-07-28,16.25,11226.0
2017-07-30,DA,2017-07-29,16.99,3501.0
2017-07-31,DA,2017-07-30,17.49,3500.0
2017-08-01,DA,2017-07-31,17.2,10246.0
2017-08-02,DA,2017-08-01,17.0,10023.0
2017-08-03,DA,2017-08-02,17.19,16152.0
2017-08-04,DA,2017-08-03,17.3,3214.0
2017-08-05,DA,2017-08-04,15.0,7423.0
2017-08-06,DA,2017-08-05,16.05,16001.0
2017-08-07,DA,2017-08-06,16.99,1765.0
2017-08-08,DA,2017-08-07,16.15,10405.0
2017-08-09,DA,2017-08-08,16.4,11340.0
2017-08-10,DA,2017-08-09,16.0,15087.0
2017-08-11,DA,2017-08-10,16.15,20589.0
2017-08-12,DA,2017-08-11,15.62,9981.0
2017-08-13,DA,2017-08-12,16.18,1500.0
2017-08-14,DA,2017-08-13,16.1,4701.0
2017-08-15,DA,2017-08-14,16.0,17099.0
2017-08-16,DA,2017-08-15,16.2,6000.0
2017-08-17,DA,2017-08-16,16.4,3908.0
2017-08-18,DA,2017-08-17,16.3,17908.0
2017-08-19,DA,2017-08-18,15.8,8293.0
2017-08-20,DA,2017-08-19,16.0,3000.0
2017-08-21,DA,2017-08-20,17.5,900.0
2017-08-22,DA,2017-08-21,16.46,5000.0
2017-08-23,DA,2017-08-22,16.65,7517.0
2017-08-24,DA,2017-08-23,16.7,10209.0
2017-08-25,DA,2017-08-24,16.6,14682.0
2017-08-26,DA,2017-08-25,16.5,23140.0
2017-08-27,DA,2017-08-26,17.0,4380.0
2017-08-28,DA,2017-08-27,17.25,2000.0
2017-08-29,DA,2017-08-28,17.9,9191.0
2017-08-30,DA,2017-08-29,17.99,14085.0
2017-08-31,DA,2017-08-30,17.95,9412.0
2017-09-01,DA,2017-08-31,17.45,3714.0
2017-09-02,DA,2017-09-01,16.7,15740.0
2017-09-03,DA,2017-09-02,17.77,2050.0
2017-09-04,DA,2017-09-03,18.0,1500.0
2017-09-05,DA,2017-09-04,17.2,3657.0
2017-09-06,DA,2017-09-05,17.3,12834.0
2017-09-07,DA,2017-09-06,17.35,7501.0
2017-09-08,DA,2017-09-07,17.35,7167.0
2017-09-09,DA,2017-09-08,16.9,15565.0
2017-09-10,DA,2017-09-09,16.56,7270.0
2017-09-11,DA,2017-09-10,17.3,1584.0
2017-09-12,DA,2017-09-11,17.4,8056.0
2017-09-13,DA,2017-09-12,17.32,8899.0
2017-09-14,DA,2017-09-13,17.45,9050.0
2017-09-15,DA,2017-09-14,17.85,14915.0
2017-09-16,DA,2017-09-15,17.85,4589.0
2017-09-17,DA,2017-09-16,17.89,1501.0
2017-09-18,DA,2017-09-17,18.2,1501.0
2017-09-19,DA,2017-09-18,17.85,18000.0
2017-09-20,DA,2017-09-19,17.85,5008.0
2017-09-21,DA,2017-09-20,18.3,4675.0
2017-09-22,DA,2017-09-21,18.25,2001.0
2017-09-23,DA,2017-09-22,17.6,11595.0
2017-09-24,DA,2017-09-23,17.6,8084.0
2017-09-25,DA,2017-09-24,18.4,5084.0
2017-09-26,DA,2017-09-25,18.35,20508.0
2017-09-27,DA,2017-09-26,18.1,22595.0
2017-09-28,DA,2017-09-27,18.75,15968.0
2017-09-29,DA,2017-09-28,19.0,18414.0
2017-09-30,DA,2017-09-29,17.2,12492.0
2017-10-01,DA,2017-09-30,18.77,3073.0
2017-10-02,DA,2017-10-01,18.9,2000.0
2017-10-03,DA,2017-10-02,19.9,33240.0
2017-10-04,DA,2017-10-03,20.2,15715.0
2017-10-05,DA,2017-10-04,20.0,8675.0
2017-10-06,DA,2017-10-05,20.05,6698.0
2017-10-07,DA,2017-10-06,19.3,14527.0
2017-10-08,DA,2017-10-07,20.1,5003.0
2017-10-09,DA,2017-10-08,21.8,16003.0
2017-10-10,DA,2017-10-09,22.5,48344.0
2017-10-11,DA,2017-10-10,22.7,55665.0
2017-10-12,DA,2017-10-11,21.44,38371.0
2017-10-13,DA,2017-10-12,21.55,11369.0
2017-10-14,DA,2017-10-13,20.95,17173.0
2017-10-15,DA,2017-10-14,20.6,9075.0
2017-10-16,DA,2017-10-15,21.64,15075.0
2017-10-17,DA,2017-10-16,20.85,36249.0
2017-10-18,DA,2017-10-17,20.55,50464.0
2017-10-19,DA,2017-10-18,21.0,21655.0
2017-10-20,DA,2017-10-19,20.7,44821.0
2017-10-21,DA,2017-10-20,20.0,16232.0
2017-10-22,DA,2017-10-21,21.01,13825.0
2017-10-23,DA,2017-10-22,22.08,12150.0
2017-10-24,DA,2017-10-23,21.9,31247.0
2017-10-25,DA,2017-10-24,22.0,17608.0
2017-10-26,DA,2017-10-25,22.25,41259.0
2017-10-27,DA,2017-10-26,22.0,32354.0
2017-10-28,DA,2017-10-27,20.26,15343.0
2017-10-29,DA,2017-10-28,21.0,6076.0
2017-10-30,DA,2017-10-29,22.25,9076.0
2017-10-31,DA,2017-10-30,21.55,12676.0
2017-11-01,DA,2017-10-31,20.85,33751.0
2017-11-02,DA,2017-11-01,22.0,5989.0
2017-11-03,DA,2017-11-02,20.89,6791.0
2017-11-04,DA,2017-11-03,19.8,19896.0
2017-11-05,DA,2017-11-04,21.48,4008.0
2017-11-06,DA,2017-11-05,22.48,4008.0
2017-11-07,DA,2017-11-06,21.65,5001.0
2017-11-08,DA,2017-11-07,23.75,6622.0
2017-11-09,DA,2017-11-08,23.7,5853.0
2017-11-10,DA,2017-11-09,23.6,9010.0
2017-11-11,DA,2017-11-10,23.5,17204.0
2017-11-12,DA,2017-11-11,23.5,4500.0
2017-11-13,DA,2017-11-12,24.5,200.0
2017-11-14,DA,2017-11-13,24.85,12271.0
2017-11-15,DA,2017-11-14,25.09,17368.0
2017-11-16,DA,2017-11-15,24.75,15072.0
2017-11-17,DA,2017-11-16,24.7,15609.0
2017-11-18,DA,2017-11-17,24.0,15008.0
2017-11-19,DA,2017-11-18,23.5,6710.0
2017-11-20,DA,2017-11-19,24.75,12510.0
2017-11-21,DA,2017-11-20,25.13,23840.0
2017-11-22,DA,2017-11-21,24.45,10845.0
2017-11-23,DA,2017-11-22,24.5,20150.0
2017-11-24,DA,2017-11-23,25.1,23624.0
2017-11-25,DA,2017-11-24,24.75,29894.0
2017-11-26,DA,2017-11-25,25.5,3013.0
2017-11-27,DA,2017-11-26,25.4,4200.0
2017-11-28,DA,2017-11-27,26.15,13612.0
2017-11-29,DA,2017-11-28,26.4,29815.0
2017-11-30,DA,2017-11-29,26.52,28846.0
2017-12-01,DA,2017-11-30,26.4,4563.0
2017-12-02,DA,2017-12-01,26.0,15982.0
2017-12-03,DA,2017-12-02,27.0,3000.0
2017-12-04,DA,2017-12-03,28.4,1500.0
2017-12-05,DA,2017-12-04,29.5,1100.0
2017-12-06,DA,2017-12-05,29.0,9611.0
2017-12-07,DA,2017-12-06,28.5,6380.0
2017-12-08,DA,2017-12-07,28.0,15822.0
2017-12-09,DA,2017-12-08,27.6,14956.0
2017-12-10,DA,2017-12-09,27.5,8010.0
2017-12-11,DA,2017-12-10,28.0,5010.0
2017-12-12,DA,2017-12-11,27.3,17631.0
2017-12-13,DA,2017-12-12,27.8,13574.0
2017-12-14,DA,2017-12-13,27.35,12149.0
2017-12-15,DA,2017-12-14,26.7,18075.0
2017-12-16,DA,2017-12-15,26.0,17506.0
2017-12-17,DA,2017-12-16,26.2,3811.0
2017-12-18,DA,2017-12-17,28.5,3500.0
2017-12-19,DA,2017-12-18,27.45,22579.0
2017-12-20,DA,2017-12-19,26.85,6949.0
2017-12-21,DA,2017-12-20,26.5,8649.0
2017-12-22,DA,2017-12-21,25.3,20249.0
2017-12-23,DA,2017-12-22,23.9,5826.0
2017-12-24,DA,2017-12-23,22.95,6013.0
2017-12-25,DA,2017-12-24,22.9,8678.0
2017-12-26,DA,2017-12-25,24.5,4013.0
2017-12-27,DA,2017-12-26,23.4,9075.0
2017-12-28,DA,2017-12-27,22.65,10449.0
2017-12-29,DA,2017-12-28,22.7,15513.0
2017-12-30,DA,2017-12-29,21.95,13891.0
2017-12-31,DA,2017-12-30,22.5,2007.0
2018-01-01,DA,2017-12-31,21.95,2509.0
2018-01-02,DA,2018-01-01,24.5,2470.0
2018-01-03,DA,2018-01-02,23.35,4295.0
2018-01-04,DA,2018-01-03,19.6,11082.0
2018-01-05,DA,2018-01-04,20.5,17939.0
2018-01-06,DA,2018-01-05,20.3,13651.0
2018-01-07,DA,2018-01-06,22.45,2300.0
2018-01-08,DA,2018-01-07,23.74,8549.0
2018-01-09,DA,2018-01-08,22.95,11285.0
2018-01-10,DA,2018-01-09,22.8,9345.0
2018-01-11,DA,2018-01-10,22.0,7625.0
2018-01-12,DA,2018-01-11,22.1,6848.0
2018-01-13,DA,2018-01-12,21.0,20040.0
2018-01-14,DA,2018-01-13,21.25,4139.0
2018-01-15,DA,2018-01-14,22.8,4024.0
2018-01-16,DA,2018-01-15,21.75,5447.0
2018-01-17,DA,2018-01-16,21.3,4774.0
2018-01-18,DA,2018-01-17,20.5,5734.0
2018-01-19,DA,2018-01-18,19.9,4924.0
2018-01-20,DA,2018-01-19,19.35,6668.0
2018-01-21,DA,2018-01-20,18.55,8024.0
2018-01-22,DA,2018-01-21,19.2,11524.0
2018-01-23,DA,2018-01-22,19.3,20035.0
2018-01-24,DA,2018-01-23,18.84,12953.0
2018-01-25,DA,2018-01-24,19.45,11542.0
2018-01-26,DA,2018-01-25,18.9,18807.0
2018-01-27,DA,2018-01-26,18.6,19947.0
2018-01-28,DA,2018-01-27,19.15,2268.0
2018-01-29,DA,2018-01-28,20.1,1673.0
2018-01-30,DA,2018-01-29,19.3,9685.0
2018-01-31,DA,2018-01-30,20.5,6467.0
2018-02-01,DA,2018-01-31,21.1,8137.0
2018-02-02,DA,2018-02-01,21.9,11567.0
2018-02-03,DA,2018-02-02,20.85,12632.0
2018-02-04,DA,2018-02-03,22.0,3291.0
2018-02-05,DA,2018-02-04,23.45,5500.0
2018-02-06,DA,2018-02-05,22.45,27853.0
2018-02-07,DA,2018-02-06,22.68,30410.0
2018-02-08,DA,2018-02-07,23.05,38051.0
2018-02-09,DA,2018-02-08,22.6,44668.0
2018-02-10,DA,2018-02-09,21.0,19510.0
2018-02-11,DA,2018-02-10,21.1,11290.0
2018-02-12,DA,2018-02-11,21.55,5382.0
2018-02-13,DA,2018-02-12,21.2,11399.0
2018-02-14,DA,2018-02-13,20.3,14948.0
2018-02-15,DA,2018-02-14,20.75,16566.0
2018-02-16,DA,2018-02-15,21.0,19389.0
2018-02-17,DA,2018-02-16,19.98,19934.0
2018-02-18,DA,2018-02-17,19.0,3860.0
2018-02-19,DA,2018-02-18,21.4,3860.0
2018-02-20,DA,2018-02-19,20.6,5294.0
2018-02-21,DA,2018-02-20,21.35,12990.0
2018-02-22,DA,2018-02-21,22.21,7467.0
2018-02-23,DA,2018-02-22,23.0,11488.0
2018-02-24,DA,2018-02-23,25.5,20559.0
2018-02-25,DA,2018-02-24,24.6,10520.0
2018-02-26,DA,2018-02-25,27.5,100.0
2018-02-27,DA,2018-02-26,25.4,12878.0
2018-02-28,DA,2018-02-27,28.0,62905.0
2018-03-01,DA,2018-02-28,31.5,61144.0
2018-03-02,DA,2018-03-01,36.28,67530.0
2018-03-03,DA,2018-03-02,30.5,46963.0
2018-03-04,DA,2018-03-03,25.5,10177.0
2018-03-05,DA,2018-03-04,25.5,12577.0
2018-03-06,DA,2018-03-05,23.25,19042.0
2018-03-07,DA,2018-03-06,22.85,13250.0
2018-03-08,DA,2018-03-07,22.5,24206.0
2018-03-09,DA,2018-03-08,22.4,16696.0
2018-03-10,DA,2018-03-09,22.2,21594.0
2018-03-11,DA,2018-03-10,22.0,3985.0
2018-03-12,DA,2018-03-11,22.6,4000.0
2018-03-13,DA,2018-03-12,25.5,31929.0
2018-03-14,DA,2018-03-13,24.8,41025.0
2018-03-15,DA,2018-03-14,22.9,22112.0
2018-03-16,DA,2018-03-15,23.75,23162.0
2018-03-17,DA,2018-03-16,23.5,35825.0
2018-03-18,DA,2018-03-17,23.25,9300.0
2018-03-19,DA,2018-03-18,25.25,11100.0
2018-03-20,DA,2018-03-19,23.55,20963.0
2018-03-21,DA,2018-03-20,23.11,41820.0
2018-03-22,DA,2018-03-21,23.45,45452.0
2018-03-23,DA,2018-03-22,22.55,33311.0
2018-03-24,DA,2018-03-23,20.5,25908.0
2018-03-25,DA,2018-03-24,20.0,7732.0
2018-03-26,DA,2018-03-25,21.2,7600.0
2018-03-27,DA,2018-03-26,21.2,44482.0
2018-03-28,DA,2018-03-27,20.85,34626.0
2018-03-29,DA,2018-03-28,19.05,19070.0
2018-03-30,DA,2018-03-29,18.5,12676.0
2018-03-31,DA,2018-03-30,18.89,3992.0
2018-04-01,DA,2018-03-31,20.8,30944.0
2018-04-02,DA,2018-04-01,22.4,5657.0
2018-04-03,DA,2018-04-02,20.1,24350.0
2018-04-04,DA,2018-04-03,20.2,13747.0
2018-04-05,DA,2018-04-04,21.0,24070.0
2018-04-06,DA,2018-04-05,21.7,17767.0
2018-04-07,DA,2018-04-06,20.0,26294.0
2018-04-08,DA,2018-04-07,20.2,7508.0
2018-04-09,DA,2018-04-08,21.0,12013.0
2018-04-10,DA,2018-04-09,21.45,29624.0
2018-04-11,DA,2018-04-10,23.0,30737.0
2018-04-12,DA,2018-04-11,22.9,40824.0
2018-04-13,DA,2018-04-12,23.05,63821.0
2018-04-14,DA,2018-04-13,21.75,23742.0
2018-04-15,DA,2018-04-14,22.75,12625.0
2018-04-16,DA,2018-04-15,22.95,8612.0
2018-04-17,DA,2018-04-16,21.9,35329.0
2018-04-18,DA,2018-04-17,20.4,9845.0
2018-04-19,DA,2018-04-18,20.0,13500.0
2018-04-20,DA,2018-04-19,19.9,28500.0
2018-04-21,DA,2018-04-20,19.7,18586.0
2018-04-22,DA,2018-04-21,20.0,3000.0
2018-04-23,DA,2018-04-22,20.15,4141.0
2018-04-24,DA,2018-04-23,20.27,25932.0
2018-04-25,DA,2018-04-24,20.0,7102.0
2018-04-26,DA,2018-04-25,20.15,21415.0
2018-04-27,DA,2018-04-26,20.1,17555.0
2018-04-28,DA,2018-04-27,20.05,16855.0
2018-04-29,DA,2018-04-28,20.15,11800.0
2018-04-30,DA,2018-04-29,20.3,16617.0
2018-05-01,DA,2018-04-30,20.75,17890.0
2018-05-02,DA,2018-05-01,20.7,9000.0
2018-05-03,DA,2018-05-02,20.6,9781.0
2018-05-04,DA,2018-05-03,21.05,13960.0
2018-05-05,DA,2018-05-04,20.52,12291.0
2018-05-06,DA,2018-05-05,20.35,1552.0
2018-05-07,DA,2018-05-06,20.9,500.0
2018-05-08,DA,2018-05-07,21.9,20550.0
2018-05-09,DA,2018-05-08,21.68,7725.0
2018-05-10,DA,2018-05-09,21.55,7515.0
2018-05-11,DA,2018-05-10,21.49,11432.0
2018-05-12,DA,2018-05-11,21.45,14328.0
2018-05-13,DA,2018-05-12,21.6,1700.0
2018-05-14,DA,2018-05-13,22.0,6681.0
2018-05-15,DA,2018-05-14,22.7,12945.0
2018-05-16,DA,2018-05-15,22.8,8550.0
2018-05-17,DA,2018-05-16,22.6,13727.0
2018-05-18,DA,2018-05-17,22.75,11147.0
2018-05-19,DA,2018-05-18,22.75,20816.0
2018-05-20,DA,2018-05-19,23.0,3290.0
2018-05-21,DA,2018-05-20,24.95,1750.0
2018-05-22,DA,2018-05-21,23.7,17825.0
2018-05-23,DA,2018-05-22,24.8,12890.0
2018-05-24,DA,2018-05-23,24.4,15732.0
2018-05-25,DA,2018-05-24,23.7,19370.0
2018-05-26,DA,2018-05-25,22.6,19781.0
2018-05-27,DA,2018-05-26,22.8,9455.0
2018-05-28,DA,2018-05-27,23.0,7000.0
2018-05-29,DA,2018-05-28,22.65,21681.0
2018-05-30,DA,2018-05-29,23.6,20300.0
2018-05-31,DA,2018-05-30,24.8,12055.0
2018-06-01,DA,2018-05-31,23.86,19571.0
2018-06-02,DA,2018-06-01,22.1,17339.0
2018-06-03,DA,2018-06-02,22.04,8942.0
2018-06-04,DA,2018-06-03,21.9,5500.0
2018-06-05,DA,2018-06-04,22.5,18995.0
2018-06-06,DA,2018-06-05,22.7,25480.0
2018-06-07,DA,2018-06-06,22.75,22450.0
2018-06-08,DA,2018-06-07,23.05,11595.0
2018-06-09,DA,2018-06-08,22.6,26164.0
2018-06-10,DA,2018-06-09,22.3,5835.0
2018-06-11,DA,2018-06-10,22.0,2673.0
2018-06-12,DA,2018-06-11,22.75,30315.0
2018-06-13,DA,2018-06-12,23.25,21341.0
2018-06-14,DA,2018-06-13,24.4,22321.0
2018-06-15,DA,2018-06-14,25.0,19725.0
2018-06-16,DA,2018-06-15,23.8,43489.0
2018-06-17,DA,2018-06-16,23.65,10696.0
2018-06-18,DA,2018-06-17,23.9,6416.0
2018-06-19,DA,2018-06-18,23.92,14665.0
2018-06-20,DA,2018-06-19,23.65,25239.0
2018-06-21,DA,2018-06-20,23.09,18690.0
2018-06-22,DA,2018-06-21,22.75,24990.0
2018-06-23,DA,2018-06-22,22.45,23100.0
2018-06-24,DA,2018-06-23,22.25,4500.0
2018-06-25,DA,2018-06-24,22.3,5520.0
2018-06-26,DA,2018-06-25,23.1,16810.0
2018-06-27,DA,2018-06-26,24.38,12709.0
2018-06-28,DA,2018-06-27,24.25,13477.0
2018-06-29,DA,2018-06-28,24.2,34008.0
2018-06-30,DA,2018-06-29,23.1,30730.0
2018-07-01,DA,2018-06-30,24.65,1430.0
2018-07-02,DA,2018-07-01,25.25,3400.0
2018-07-03,DA,2018-07-02,25.15,25652.0
2018-07-04,DA,2018-07-03,24.58,15723.0
2018-07-05,DA,2018-07-04,24.7,18948.0
2018-07-06,DA,2018-07-05,25.25,15775.0
2018-07-07,DA,2018-07-06,24.45,12311.0
2018-07-08,DA,2018-07-07,24.5,8870.0
2018-07-09,DA,2018-07-08,27.0,1500.0
2018-07-10,DA,2018-07-09,25.45,10937.0
2018-07-11,DA,2018-07-10,26.15,10691.0
2018-07-12,DA,2018-07-11,25.65,8683.0
2018-07-13,DA,2018-07-12,25.4,6594.0
2018-07-14,DA,2018-07-13,25.05,18429.0
2018-07-15,DA,2018-07-14,25.25,2270.0
2018-07-16,DA,2018-07-15,26.25,1500.0
2018-07-17,DA,2018-07-16,24.95,8710.0
2018-07-18,DA,2018-07-17,25.3,16070.0
2018-07-19,DA,2018-07-18,25.25,14020.0
2018-07-20,DA,2018-07-19,25.53,14700.0
2018-07-21,DA,2018-07-20,25.24,28012.0
2018-07-22,DA,2018-07-21,25.1,534.0
2018-07-23,DA,2018-07-22,25.0,500.0
2018-07-24,DA,2018-07-23,25.35,21958.0
2018-07-25,DA,2018-07-24,25.41,13375.0
2018-07-26,DA,2018-07-25,25.5,9577.0
2018-07-27,DA,2018-07-26,25.5,8330.0
2018-07-28,DA,2018-07-27,25.3,17041.0
2018-07-29,DA,2018-07-28,25.1,750.0
2018-07-30,DA,2018-07-29,25.5,750.0
2018-07-31,DA,2018-07-30,26.55,16270.0
2018-08-01,DA,2018-07-31,26.03,15065.0
2018-08-02,DA,2018-08-01,25.35,34562.0
2018-08-03,DA,2018-08-02,25.3,16114.0
2018-08-04,DA,2018-08-03,25.3,27068.0
2018-08-05,DA,2018-08-04,25.2,8626.0
2018-08-06,DA,2018-08-05,26.75,6842.0
2018-08-07,DA,2018-08-06,26.5,22457.0
2018-08-08,DA,2018-08-07,26.25,15191.0
2018-08-09,DA,2018-08-08,25.85,5150.0
2018-08-10,DA,2018-08-09,25.0,32349.0
2018-08-11,DA,2018-08-10,24.4,17195.0
2018-08-12,DA,2018-08-11,26.0,7442.0
2018-08-13,DA,2018-08-12,26.1,1644.0
2018-08-14,DA,2018-08-13,25.8,16384.0
2018-08-15,DA,2018-08-14,25.15,20457.0
2018-08-16,DA,2018-08-15,25.6,3000.0
2018-08-17,DA,2018-08-16,25.9,14107.0
2018-08-18,DA,2018-08-17,25.91,19068.0
2018-08-19,DA,2018-08-18,25.55,3070.0
2018-08-20,DA,2018-08-19,26.25,3080.0
2018-08-21,DA,2018-08-20,25.86,8680.0
2018-08-22,DA,2018-08-21,26.75,13690.0
2018-08-23,DA,2018-08-22,27.2,14675.0
2018-08-24,DA,2018-08-23,27.5,9517.0
2018-08-25,DA,2018-08-24,26.65,13375.0
2018-08-26,DA,2018-08-25,27.25,11295.0
2018-08-27,DA,2018-08-26,28.25,6350.0
2018-08-28,DA,2018-08-27,28.15,20482.0
2018-08-29,DA,2018-08-28,28.25,36268.0
2018-08-30,DA,2018-08-29,28.75,24500.0
2018-08-31,DA,2018-08-30,28.97,33950.0
2018-09-01,DA,2018-08-31,28.3,21492.0
2018-09-02,DA,2018-09-01,28.85,6761.0
2018-09-03,DA,2018-09-02,29.7,4377.0
2018-09-04,DA,2018-09-03,29.48,40500.0
2018-09-05,DA,2018-09-04,29.5,45940.0
2018-09-06,DA,2018-09-05,29.6,24236.0
2018-09-07,DA,2018-09-06,29.6,9740.0
2018-09-08,DA,2018-09-07,29.44,24672.0
2018-09-09,DA,2018-09-08,28.75,8750.0
2018-09-10,DA,2018-09-09,29.65,3500.0
2018-09-11,DA,2018-09-10,29.4,14770.0
2018-09-12,DA,2018-09-11,29.15,12540.0
2018-09-13,DA,2018-09-12,29.3,16914.0
2018-09-14,DA,2018-09-13,28.5,15932.0
2018-09-15,DA,2018-09-14,27.75,12013.0
2018-09-16,DA,2018-09-15,27.6,3500.0
2018-09-17,DA,2018-09-16,28.35,3000.0
2018-09-18,DA,2018-09-17,28.9,13645.0
2018-09-19,DA,2018-09-18,29.2,10281.0
2018-09-20,DA,2018-09-19,29.5,7542.0
2018-09-21,DA,2018-09-20,29.5,6090.0
2018-09-22,DA,2018-09-21,28.75,11503.0
2018-09-23,DA,2018-09-22,28.55,4264.0
2018-09-24,DA,2018-09-23,28.75,2600.0
2018-09-25,DA,2018-09-24,29.52,17689.0
2018-09-26,DA,2018-09-25,29.12,13235.0
2018-09-27,DA,2018-09-26,28.8,9100.0
2018-09-28,DA,2018-09-27,28.7,11042.0
2018-09-29,DA,2018-09-28,27.95,15100.0
2018-09-30,DA,2018-09-29,27.5,3400.0
2018-10-01,DA,2018-09-30,29.0,3000.0
2018-10-02,DA,2018-10-01,27.3,13400.0
2018-10-03,DA,2018-10-02,27.72,14884.0
2018-10-04,DA,2018-10-03,28.0,29583.0
2018-10-05,DA,2018-10-04,27.4,12407.0
2018-10-06,DA,2018-10-05,26.95,15222.0
2018-10-07,DA,2018-10-06,26.95,3525.0
2018-10-08,DA,2018-10-07,27.9,2900.0
2018-10-09,DA,2018-10-08,27.99,8898.0
2018-10-10,DA,2018-10-09,27.8,13798.0
2018-10-11,DA,2018-10-10,27.05,4157.0
2018-10-12,DA,2018-10-11,25.3,26213.0
2018-10-13,DA,2018-10-12,25.45,5816.0
2018-10-14,DA,2018-10-13,25.55,9814.0
2018-10-15,DA,2018-10-14,28.5,5150.0
2018-10-16,DA,2018-10-15,29.5,40372.0
2018-10-17,DA,2018-10-16,28.53,32530.0
2018-10-18,DA,2018-10-17,27.17,16190.0
2018-10-19,DA,2018-10-18,25.9,12241.0
2018-10-20,DA,2018-10-19,25.64,28982.0
2018-10-21,DA,2018-10-20,25.8,3000.0
2018-10-22,DA,2018-10-21,26.55,3500.0
2018-10-23,DA,2018-10-22,25.7,9016.0
2018-10-24,DA,2018-10-23,25.45,17645.0
2018-10-25,DA,2018-10-24,26.74,18548.0
2018-10-26,DA,2018-10-25,26.51,26005.0
2018-10-27,DA,2018-10-26,24.75,28263.0
2018-10-28,DA,2018-10-27,25.0,4100.0
2018-10-29,DA,2018-10-28,26.4,8050.0
2018-10-30,DA,2018-10-29,26.65,32210.0
2018-10-31,DA,2018-10-30,27.15,64673.0
2018-11-01,DA,2018-10-31,25.4,16986.0
2018-11-02,DA,2018-11-01,25.95,28281.0
2018-11-03,DA,2018-11-02,25.05,31182.0
2018-11-04,DA,2018-11-03,25.75,11571.0
2018-11-05,DA,2018-11-04,26.15,14020.0
2018-11-06,DA,2018-11-05,25.0,21469.0
2018-11-07,DA,2018-11-06,25.55,37362.0
2018-11-08,DA,2018-11-07,25.8,27992.0
2018-11-09,DA,2018-11-08,24.99,26073.0
2018-11-10,DA,2018-11-09,24.2,19941.0
2018-11-11,DA,2018-11-10,24.6,9102.0
2018-11-12,DA,2018-11-11,25.1,2045.0
2018-11-13,DA,2018-11-12,27.24,20822.0
2018-11-14,DA,2018-11-13,27.07,10622.0
2018-11-15,DA,2018-11-14,27.2,13976.0
2018-11-16,DA,2018-11-15,26.65,15487.0
2018-11-17,DA,2018-11-16,26.05,27978.0
2018-11-18,DA,2018-11-17,25.55,3015.0
2018-11-19,DA,2018-11-18,27.35,7279.0
2018-11-20,DA,2018-11-19,26.4,19497.0
2018-11-21,DA,2018-11-20,26.65,13310.0
2018-11-22,DA,2018-11-21,26.75,16146.0
2018-11-23,DA,2018-11-22,27.05,20815.0
2018-11-24,DA,2018-11-23,25.85,19354.0
2018-11-25,DA,2018-11-24,25.46,6393.0
2018-11-26,DA,2018-11-25,26.1,7406.0
2018-11-27,DA,2018-11-26,26.7,19081.0
2018-11-28,DA,2018-11-27,27.1,35066.0
2018-11-29,DA,2018-11-28,26.55,16043.0
2018-11-30,DA,2018-11-29,26.6,30507.0
2018-12-01,DA,2018-11-30,25.4,20118.0
2018-12-02,DA,2018-12-01,25.45,6764.0
2018-12-03,DA,2018-12-02,26.75,9300.0
2018-12-04,DA,2018-12-03,26.2,11928.0
2018-12-05,DA,2018-12-04,26.04,16469.0
2018-12-06,DA,2018-12-05,25.15,17461.0
2018-12-07,DA,2018-12-06,25.0,16812.0
2018-12-08,DA,2018-12-07,25.0,19287.0
2018-12-09,DA,2018-12-08,24.9,6244.0
2018-12-10,DA,2018-12-09,25.5,5250.0
2018-12-11,DA,2018-12-10,25.8,18500.0
2018-12-12,DA,2018-12-11,25.8,23116.0
2018-12-13,DA,2018-12-12,25.85,13075.0
2018-12-14,DA,2018-12-13,25.34,24692.0
2018-12-15,DA,2018-12-14,25.05,30110.0
2018-12-16,DA,2018-12-15,25.0,5003.0
2018-12-17,DA,2018-12-16,25.7,20542.0
2018-12-18,DA,2018-12-17,25.75,8019.0
2018-12-19,DA,2018-12-18,26.35,11107.0
2018-12-20,DA,2018-12-19,25.7,13600.0
2018-12-21,DA,2018-12-20,24.95,13981.0
2018-12-22,DA,2018-12-21,24.5,24097.0
2018-12-23,DA,2018-12-22,24.6,10966.0
2018-12-24,DA,2018-12-23,25.6,18573.0
2018-12-25,DA,2018-12-24,24.75,33467.0
2018-12-26,DA,2018-12-25,24.95,14841.0
2018-12-27,DA,2018-12-26,24.99,45702.0
2018-12-28,DA,2018-12-27,24.95,33581.0
2018-12-29,DA,2018-12-28,23.95,18848.0
2018-12-30,DA,2018-12-29,25.0,4075.0
2018-12-31,DA,2018-12-30,25.0,6800.0
2019-01-01,DA,2018-12-31,24.2,45316.0
2019-01-02,DA,2019-01-01,24.1,4534.0
2019-01-03,DA,2019-01-02,24.25,38495.0
2019-01-04,DA,2019-01-03,25.5,52454.0
2019-01-05,DA,2019-01-04,25.1,44697.0
2019-01-06,DA,2019-01-05,25.0,13960.0
2019-01-07,DA,2019-01-06,26.1,22480.0
2019-01-08,DA,2019-01-07,24.2,19635.0
2019-01-09,DA,2019-01-08,24.85,26629.0
2019-01-10,DA,2019-01-09,25.15,33080.0
2019-01-11,DA,2019-01-10,24.95,41690.0
2019-01-12,DA,2019-01-11,25.0,38093.0
2019-01-13,DA,2019-01-12,24.95,20874.0
2019-01-14,DA,2019-01-13,25.69,24550.0
2019-01-15,DA,2019-01-14,26.15,64972.0
2019-01-16,DA,2019-01-15,27.7,70801.0
2019-01-17,DA,2019-01-16,26.9,38820.0
2019-01-18,DA,2019-01-17,25.0,38264.0
2019-01-19,DA,2019-01-18,25.99,38925.0
2019-01-20,DA,2019-01-19,24.9,7553.0
2019-01-21,DA,2019-01-20,28.2,24490.0
2019-01-22,DA,2019-01-21,26.1,49121.0
2019-01-23,DA,2019-01-22,23.5,27465.0
2019-01-24,DA,2019-01-23,24.65,17169.0
2019-01-25,DA,2019-01-24,25.05,49313.0
2019-01-26,DA,2019-01-25,23.5,46435.0
2019-01-27,DA,2019-01-26,22.66,6688.0
2019-01-28,DA,2019-01-27,24.25,22570.0
2019-01-29,DA,2019-01-28,24.0,52109.0
2019-01-30,DA,2019-01-29,24.0,34789.0
2019-01-31,DA,2019-01-30,22.85,27082.0
2019-02-01,DA,2019-01-31,21.5,31306.0
2019-02-02,DA,2019-02-01,21.0,61723.0
2019-02-03,DA,2019-02-02,21.1,11729.0
2019-02-04,DA,2019-02-03,23.55,27796.0
2019-02-05,DA,2019-02-04,23.6,37927.0
2019-02-06,DA,2019-02-05,22.1,41249.0
2019-02-07,DA,2019-02-06,21.95,40940.0
2019-02-08,DA,2019-02-07,21.95,28469.0
2019-02-09,DA,2019-02-08,20.75,19440.0
2019-02-10,DA,2019-02-09,20.51,6698.0
2019-02-11,DA,2019-02-10,22.05,7100.0
2019-02-12,DA,2019-02-11,20.85,43433.0
2019-02-13,DA,2019-02-12,20.75,22330.0
2019-02-14,DA,2019-02-13,20.75,43351.0
2019-02-15,DA,2019-02-14,20.84,31636.0
2019-02-16,DA,2019-02-15,20.0,24534.0
2019-02-17,DA,2019-02-16,19.7,2200.0
2019-02-18,DA,2019-02-17,21.08,2500.0
2019-02-19,DA,2019-02-18,20.65,46755.0
2019-02-20,DA,2019-02-19,20.5,47084.0
2019-02-21,DA,2019-02-20,20.85,33216.0
2019-02-22,DA,2019-02-21,20.6,28606.0
2019-02-23,DA,2019-02-22,20.35,26753.0
2019-02-24,DA,2019-02-23,20.2,6418.0
2019-02-25,DA,2019-02-24,20.7,17500.0
2019-02-26,DA,2019-02-25,19.88,31171.0
2019-02-27,DA,2019-02-26,19.75,34211.0
2019-02-28,DA,2019-02-27,19.58,23320.0
2019-03-01,DA,2019-02-28,18.95,20905.0
2019-03-02,DA,2019-03-01,18.71,39748.0
2019-03-03,DA,2019-03-02,19.15,4500.0
2019-03-04,DA,2019-03-03,20.0,2600.0
2019-03-05,DA,2019-03-04,19.35,16250.0
2019-03-06,DA,2019-03-05,19.25,21373.0
2019-03-07,DA,2019-03-06,19.85,15293.0
2019-03-08,DA,2019-03-07,20.16,29196.0
2019-03-09,DA,2019-03-08,18.97,31080.0
2019-03-10,DA,2019-03-09,18.99,4500.0
2019-03-11,DA,2019-03-10,20.5,4470.0
2019-03-12,DA,2019-03-11,19.54,24329.0
2019-03-13,DA,2019-03-12,18.91,14572.0
2019-03-14,DA,2019-03-13,18.76,30687.0
2019-03-15,DA,2019-03-14,19.5,39906.0
2019-03-16,DA,2019-03-15,16.93,22067.0
2019-03-17,DA,2019-03-16,16.33,7448.0
2019-03-18,DA,2019-03-17,18.6,3000.0
2019-03-19,DA,2019-03-18,17.02,21570.0
2019-03-20,DA,2019-03-19,17.35,21352.0
2019-03-21,DA,2019-03-20,18.19,13210.0
2019-03-22,DA,2019-03-21,17.99,34473.0
2019-03-23,DA,2019-03-22,17.0,35121.0
2019-03-24,DA,2019-03-23,16.87,15001.0
2019-03-25,DA,2019-03-24,17.75,5242.0
2019-03-26,DA,2019-03-25,16.4,9492.0
2019-03-27,DA,2019-03-26,16.44,9913.0
2019-03-28,DA,2019-03-27,17.0,14790.0
2019-03-29,DA,2019-03-28,17.3,19029.0
2019-03-30,DA,2019-03-29,15.96,39433.0
2019-03-31,DA,2019-03-30,16.5,5660.0
2019-04-01,DA,2019-03-31,17.47,30809.0
2019-04-02,DA,2019-04-01,17.96,99128.0
2019-04-03,DA,2019-04-02,17.85,97687.0
2019-04-04,DA,2019-04-03,17.81,85967.0
2019-04-05,DA,2019-04-04,17.49,95043.0
2019-04-06,DA,2019-04-05,16.46,103571.0
2019-04-07,DA,2019-04-06,18.0,11145.0
2019-04-08,DA,2019-04-07,18.92,24245.0
2019-04-09,DA,2019-04-08,17.73,62243.0
2019-04-10,DA,2019-04-09,18.72,108131.0
2019-04-11,DA,2019-04-10,18.72,67491.0
2019-04-12,DA,2019-04-11,18.92,78745.0
2019-04-13,DA,2019-04-12,18.29,35339.0
2019-04-14,DA,2019-04-13,18.55,4465.0
2019-04-15,DA,2019-04-14,18.2,11120.0
2019-04-16,DA,2019-04-15,15.48,142630.0
2019-04-17,DA,2019-04-16,14.07,229190.0
2019-04-18,DA,2019-04-17,14.03,153500.0
2019-04-19,DA,2019-04-18,13.28,129950.0
2019-04-20,DA,2019-04-19,15.34,24200.0
2019-04-21,DA,2019-04-20,14.79,39642.0
2019-04-22,DA,2019-04-21,15.2,384200.0
2019-04-23,DA,2019-04-22,14.71,185255.0
2019-04-24,DA,2019-04-23,14.57,21088.0
2019-04-25,DA,2019-04-24,16.11,16253.0
2019-04-26,DA,2019-04-25,17.04,41060.0
2019-04-27,DA,2019-04-26,16.75,33824.0
2019-04-28,DA,2019-04-27,17.37,17796.0
2019-04-29,DA,2019-04-28,17.79,20717.0
2019-04-30,DA,2019-04-29,17.97,65260.0
2019-05-01,DA,2019-04-30,14.62,41948.0
2019-05-02,DA,2019-05-01,14.35,33363.0
2019-05-03,DA,2019-05-02,14.28,23082.0
2019-05-04,DA,2019-05-03,13.92,50335.0
2019-05-05,DA,2019-05-04,13.75,9401.0
2019-05-06,DA,2019-05-05,15.41,13762.0
2019-05-07,DA,2019-05-06,15.85,26491.0
2019-05-08,DA,2019-05-07,14.54,38468.0
2019-05-09,DA,2019-05-08,15.21,24578.0
2019-05-10,DA,2019-05-09,14.8,14455.0
2019-05-11,DA,2019-05-10,14.5,31757.0
2019-05-12,DA,2019-05-11,14.31,7220.0
2019-05-13,DA,2019-05-12,15.1,6000.0
2019-05-14,DA,2019-05-13,15.06,16350.0
2019-05-15,DA,2019-05-14,15.13,23536.0
2019-05-16,DA,2019-05-15,14.95,9816.0
2019-05-17,DA,2019-05-16,14.11,23192.0
2019-05-18,DA,2019-05-17,13.55,33499.0
2019-05-19,DA,2019-05-18,14.35,4526.0
2019-05-20,DA,2019-05-19,15.43,13500.0
2019-05-21,DA,2019-05-20,15.02,48507.0
2019-05-22,DA,2019-05-21,15.46,40783.0
2019-05-23,DA,2019-05-22,15.93,44632.0
2019-05-24,DA,2019-05-23,14.58,11453.0
2019-05-25,DA,2019-05-24,13.2,20594.0
2019-05-26,DA,2019-05-25,14.1,6319.0
2019-05-27,DA,2019-05-26,14.3,4600.0
2019-05-28,DA,2019-05-27,14.18,15896.0
2019-05-29,DA,2019-05-28,14.03,15582.0
2019-05-30,DA,2019-05-29,14.18,42697.0
2019-05-31,DA,2019-05-30,14.68,61675.0
2019-06-01,DA,2019-05-31,14.1,30304.0
2019-06-02,DA,2019-06-01,14.21,12550.0
2019-06-03,DA,2019-06-02,15.5,14640.0
2019-06-04,DA,2019-06-03,13.94,30214.0
2019-06-05,DA,2019-06-04,13.52,20818.0
2019-06-06,DA,2019-06-05,12.86,13869.0
2019-06-07,DA,2019-06-06,12.69,14911.0
2019-06-08,DA,2019-06-07,12.85,32676.0
2019-06-09,DA,2019-06-08,13.33,5588.0
2019-06-10,DA,2019-06-09,13.25,3900.0
2019-06-11,DA,2019-06-10,13.75,25940.0
2019-06-12,DA,2019-06-11,13.54,52014.0
2019-06-13,DA,2019-06-12,13.65,40186.0
2019-06-14,DA,2019-06-13,13.33,49707.0
2019-06-15,DA,2019-06-14,12.95,23022.0
2019-06-16,DA,2019-06-15,13.4,14189.0
2019-06-17,DA,2019-06-16,14.38,7540.0
2019-06-18,DA,2019-06-17,13.33,25255.0
2019-06-19,DA,2019-06-18,12.95,26092.0
2019-06-20,DA,2019-06-19,13.14,37790.0
2019-06-21,DA,2019-06-20,12.88,33060.0
2019-06-22,DA,2019-06-21,12.52,31013.0
2019-06-23,DA,2019-06-22,12.48,3200.0
2019-06-24,DA,2019-06-23,13.28,3705.0
2019-06-25,DA,2019-06-24,13.41,53481.0
2019-06-26,DA,2019-06-25,13.18,56190.0
2019-06-27,DA,2019-06-26,12.6,30289.0
2019-06-28,DA,2019-06-27,13.4,41381.0
2019-06-29,DA,2019-06-28,12.26,31448.0
2019-06-30,DA,2019-06-29,12.1,5500.0
2019-07-01,DA,2019-06-30,13.46,7240.0
2019-07-02,DA,2019-07-01,14.85,20675.0
2019-07-03,DA,2019-07-02,14.91,26982.0
2019-07-04,DA,2019-07-03,14.71,41665.0
2019-07-05,DA,2019-07-04,14.51,25257.0
2019-07-06,DA,2019-07-05,13.6,25790.0
2019-07-07,DA,2019-07-06,13.9,6338.0
2019-07-08,DA,2019-07-07,14.5,2900.0
2019-07-09,DA,2019-07-08,14.0,31759.0
2019-07-10,DA,2019-07-09,13.92,21741.0
2019-07-11,DA,2019-07-10,14.2,42182.0
2019-07-12,DA,2019-07-11,14.65,42949.0
2019-07-13,DA,2019-07-12,15.02,22752.0
2019-07-14,DA,2019-07-13,14.75,6755.0
2019-07-15,DA,2019-07-14,15.43,4860.0
2019-07-16,DA,2019-07-15,15.35,30188.0
2019-07-17,DA,2019-07-16,15.54,26322.0
2019-07-18,DA,2019-07-17,14.4,31835.0
2019-07-19,DA,2019-07-18,13.88,24755.0
2019-07-20,DA,2019-07-19,13.0,44601.0
2019-07-21,DA,2019-07-20,13.62,15126.0
2019-07-22,DA,2019-07-21,15.25,1000.0
2019-07-23,DA,2019-07-22,14.39,69783.0
2019-07-24,DA,2019-07-23,13.65,42638.0
2019-07-25,DA,2019-07-24,13.6,48534.0
2019-07-26,DA,2019-07-25,13.01,29462.0
2019-07-27,DA,2019-07-26,10.75,32231.0
2019-07-28,DA,2019-07-27,11.06,14950.0
2019-07-30,DA,2019-07-29,12.17,36857.0
2019-07-31,DA,2019-07-30,11.35,23988.0
2019-08-01,DA,2019-07-31,12.25,28272.0
2019-08-02,DA,2019-08-01,13.15,36280.0
2019-08-03,DA,2019-08-02,12.53,22313.0
2019-08-04,DA,2019-08-03,13.2,12220.0
2019-08-05,DA,2019-08-04,14.2,5749.0
2019-08-06,DA,2019-08-05,13.39,27724.0
2019-08-07,DA,2019-08-06,12.99,31439.0
2019-08-08,DA,2019-08-07,13.05,34135.0
2019-08-09,DA,2019-08-08,12.28,21264.0
2019-08-10,DA,2019-08-09,12.24,39905.0
2019-08-11,DA,2019-08-10,12.19,2100.0
2019-08-12,DA,2019-08-11,11.75,4650.0
2019-08-13,DA,2019-08-12,11.78,19243.0
2019-08-14,DA,2019-08-13,11.75,14946.0
2019-08-15,DA,2019-08-14,11.13,29904.0
2019-08-16,DA,2019-08-15,11.48,12800.0
2019-08-17,DA,2019-08-16,11.15,19826.0
2019-08-18,DA,2019-08-17,10.96,11100.0
2019-08-19,DA,2019-08-18,11.55,2100.0
2019-08-20,DA,2019-08-19,10.8,19757.0
2019-08-21,DA,2019-08-20,10.76,16189.0
2019-08-22,DA,2019-08-21,10.75,16936.0
2019-08-23,DA,2019-08-22,11.11,19778.0
2019-08-24,DA,2019-08-23,10.43,27275.0
2019-08-25,DA,2019-08-24,10.4,2200.0
2019-08-26,DA,2019-08-25,11.5,2000.0
2019-08-27,DA,2019-08-26,12.97,47070.0
2019-08-28,DA,2019-08-27,12.7,41472.0
2019-08-29,DA,2019-08-28,13.03,61225.0
2019-08-30,DA,2019-08-29,12.92,53695.0
2019-08-31,DA,2019-08-30,11.0,36249.0
2019-09-01,DA,2019-08-31,11.0,30904.0
2019-09-02,DA,2019-09-01,11.18,19175.0
2019-09-03,DA,2019-09-02,11.1,44795.0
2019-09-04,DA,2019-09-03,10.55,53757.0
2019-09-05,DA,2019-09-04,9.9,70299.0
2019-09-06,DA,2019-09-05,8.2,30378.0
2019-09-07,DA,2019-09-06,9.05,62786.0
2019-09-08,DA,2019-09-07,9.5,13450.0
2019-09-09,DA,2019-09-08,11.5,8539.0
2019-09-10,DA,2019-09-09,10.22,67362.0
2019-09-11,DA,2019-09-10,10.16,46096.0
2019-09-12,DA,2019-09-11,10.41,27650.0
2019-09-13,DA,2019-09-12,11.3,19210.0
2019-09-14,DA,2019-09-13,11.25,65471.0
2019-09-15,DA,2019-09-14,11.54,6100.0
2019-09-16,DA,2019-09-15,13.43,9400.0
2019-09-17,DA,2019-09-16,14.83,36166.0
2019-09-18,DA,2019-09-17,14.5,50994.0
2019-09-19,DA,2019-09-18,14.83,29896.0
2019-09-20,DA,2019-09-19,13.45,33257.0
2019-09-21,DA,2019-09-20,11.33,40747.0
2019-09-22,DA,2019-09-21,12.05,21539.0
2019-09-23,DA,2019-09-22,12.75,1500.0
2019-09-24,DA,2019-09-23,12.66,33304.0
2019-09-25,DA,2019-09-24,13.37,15081.0
2019-09-26,DA,2019-09-25,13.67,20229.0
2019-09-27,DA,2019-09-26,13.96,16913.0
2019-09-28,DA,2019-09-27,13.88,43279.0
2019-09-29,DA,2019-09-28,13.54,24994.0
2019-09-30,DA,2019-09-29,14.23,5000.0
2019-10-01,DA,2019-09-30,12.22,64639.0
2019-10-02,DA,2019-10-01,11.9,55044.0
2019-10-03,DA,2019-10-02,12.36,79508.0
2019-10-04,DA,2019-10-03,13.65,45037.0
2019-10-05,DA,2019-10-04,13.83,36713.0
2019-10-06,DA,2019-10-05,13.37,15122.0
2019-10-07,DA,2019-10-06,14.54,37750.0
2019-10-08,DA,2019-10-07,14.2,95427.0
2019-10-09,DA,2019-10-08,13.17,73191.0
2019-10-10,DA,2019-10-09,11.6,70252.0
2019-10-11,DA,2019-10-10,11.71,68390.0
2019-10-12,DA,2019-10-11,11.05,32896.0
2019-10-13,DA,2019-10-12,12.04,29750.0
2019-10-14,DA,2019-10-13,12.5,19098.0
2019-10-15,DA,2019-10-14,12.51,33007.0
2019-10-16,DA,2019-10-15,13.65,42082.0
2019-10-17,DA,2019-10-16,13.29,60744.0
2019-10-18,DA,2019-10-17,12.9,45610.0
2019-10-19,DA,2019-10-18,12.03,17665.0
2019-10-20,DA,2019-10-19,13.3,5400.0
2019-10-21,DA,2019-10-20,14.02,57000.0
2019-10-22,DA,2019-10-21,13.81,82323.0
2019-10-23,DA,2019-10-22,13.38,72967.0
2019-10-24,DA,2019-10-23,13.83,71521.0
2019-10-25,DA,2019-10-24,13.05,82081.0
2019-10-26,DA,2019-10-25,11.96,32665.0
2019-10-27,DA,2019-10-26,12.38,17330.0
2019-10-28,DA,2019-10-27,13.6,23300.0
2019-10-29,DA,2019-10-28,14.03,64651.0
2019-10-30,DA,2019-10-29,13.4,54398.0
2019-10-31,DA,2019-10-30,12.42,63997.0
2019-11-01,DA,2019-10-31,8.86,81860.0
2019-11-02,DA,2019-11-01,8.05,37097.0
2019-11-03,DA,2019-11-02,8.0,36754.0
2019-11-04,DA,2019-11-03,8.08,31800.0
2019-11-05,DA,2019-11-04,9.78,79200.0
2019-11-06,DA,2019-11-05,13.73,48605.0
2019-11-07,DA,2019-11-06,12.5,54360.0
2019-11-08,DA,2019-11-07,12.62,94571.0
2019-11-09,DA,2019-11-08,13.47,47744.0
2019-11-10,DA,2019-11-09,13.98,15882.0
2019-11-11,DA,2019-11-10,14.6,3806.0
2019-11-12,DA,2019-11-11,14.25,23795.0
2019-11-13,DA,2019-11-12,14.1,42048.0
2019-11-14,DA,2019-11-13,14.43,41471.0
2019-11-15,DA,2019-11-14,14.45,38485.0
2019-11-16,DA,2019-11-15,14.41,54922.0
2019-11-17,DA,2019-11-16,14.7,4142.0
2019-11-18,DA,2019-11-17,15.5,26152.0
2019-11-19,DA,2019-11-18,15.9,80959.0
2019-11-20,DA,2019-11-19,15.95,55123.0
2019-11-21,DA,2019-11-20,16.0,43585.0
2019-11-22,DA,2019-11-21,15.37,71411.0
2019-11-23,DA,2019-11-22,13.83,37335.0
2019-11-24,DA,2019-11-23,14.25,20820.0
2019-11-25,DA,2019-11-24,15.4,4294.0
2019-11-26,DA,2019-11-25,15.41,43557.0
2019-11-27,DA,2019-11-26,15.0,69313.0
2019-11-28,DA,2019-11-27,13.97,85201.0
2019-11-29,DA,2019-11-28,14.86,53538.0
2019-11-30,DA,2019-11-29,14.36,78335.0
2019-12-01,DA,2019-11-30,14.45,36571.0
2019-12-02,DA,2019-12-01,14.97,8341.0
2019-12-03,DA,2019-12-02,15.0,22994.0
2019-12-04,DA,2019-12-03,15.08,36898.0
2019-12-05,DA,2019-12-04,14.44,31017.0
2019-12-06,DA,2019-12-05,14.02,33188.0
2019-12-07,DA,2019-12-06,13.65,14025.0
2019-12-08,DA,2019-12-07,13.2,20675.0
2019-12-09,DA,2019-12-08,13.42,14473.0
2019-12-10,DA,2019-12-09,13.7,17990.0
2019-12-11,DA,2019-12-10,13.3,21474.0
2019-12-12,DA,2019-12-11,12.91,41384.0
2019-12-13,DA,2019-12-12,12.38,72723.0
2019-12-14,DA,2019-12-13,11.46,40188.0
2019-12-15,DA,2019-12-14,11.2,11918.0
2019-12-16,DA,2019-12-15,12.3,10400.0
2019-12-17,DA,2019-12-16,12.53,40865.0
2019-12-18,DA,2019-12-17,12.48,43333.0
2019-12-19,DA,2019-12-18,10.6,80928.0
2019-12-20,DA,2019-12-19,10.21,59086.0
2019-12-21,DA,2019-12-20,9.96,30709.0
2019-12-22,DA,2019-12-21,10.27,5227.0
2019-12-23,DA,2019-12-22,10.08,15553.0
2019-12-24,DA,2019-12-23,9.3,81622.0
2019-12-25,DA,2019-12-24,8.62,43301.0
2019-12-26,DA,2019-12-25,8.35,4348.0
2019-12-27,DA,2019-12-26,9.25,40036.0
2019-12-28,DA,2019-12-27,9.87,24645.0
2019-12-29,DA,2019-12-28,11.72,10605.0
2019-12-30,DA,2019-12-29,12.82,18544.0
2019-12-31,DA,2019-12-30,12.19,51340.0
