Date,RealEntry,Units
2015-01-01,160313834,kWh/d
2015-01-02,160313834,kWh/d
2015-01-03,160313834,kWh/d
2015-01-04,160313834,kWh/d
2015-01-05,160313834,kWh/d
2015-01-06,160313834,kWh/d
2015-01-07,160313834,kWh/d
2015-01-08,160313834,kWh/d
2015-01-09,160313834,kWh/d
2015-01-10,160313834,kWh/d
2015-01-11,160313834,kWh/d
2015-01-12,160313834,kWh/d
2015-01-13,160313834,kWh/d
2015-01-14,160313834,kWh/d
2015-01-15,160313834,kWh/d
2015-01-16,160313834,kWh/d
2015-01-17,160313834,kWh/d
2015-01-18,160313834,kWh/d
2015-01-19,160313834,kWh/d
2015-01-20,160313834,kWh/d
2015-01-21,160313834,kWh/d
2015-01-22,160313834,kWh/d
2015-01-23,160313834,kWh/d
2015-01-24,160313834,kWh/d
2015-01-25,160313834,kWh/d
2015-01-26,160313834,kWh/d
2015-01-27,160313834,kWh/d
2015-01-28,160313834,kWh/d
2015-01-29,160313834,kWh/d
2015-01-30,160313834,kWh/d
2015-01-31,160313834,kWh/d
2015-02-01,161065154,kWh/d
2015-02-02,161065154,kWh/d
2015-02-03,161065154,kWh/d
2015-02-04,161065154,kWh/d
2015-02-05,161065154,kWh/d
2015-02-06,161065154,kWh/d
2015-02-07,161065154,kWh/d
2015-02-08,161065154,kWh/d
2015-02-09,161065154,kWh/d
2015-02-10,161065154,kWh/d
2015-02-11,161065154,kWh/d
2015-02-12,161065154,kWh/d
2015-02-13,161065154,kWh/d
2015-02-14,161065154,kWh/d
2015-02-15,161065154,kWh/d
2015-02-16,161065154,kWh/d
2015-02-17,161065154,kWh/d
2015-02-18,161065154,kWh/d
2015-02-19,161065154,kWh/d
2015-02-20,161065154,kWh/d
2015-02-21,161065154,kWh/d
2015-02-22,161065154,kWh/d
2015-02-23,161065154,kWh/d
2015-02-24,161065154,kWh/d
2015-02-25,161065154,kWh/d
2015-02-26,161065154,kWh/d
2015-02-27,161065154,kWh/d
2015-02-28,161065154,kWh/d
2015-03-01,161313840,kWh/d
2015-03-02,161313840,kWh/d
2015-03-03,161313840,kWh/d
2015-03-04,161313840,kWh/d
2015-03-05,161313840,kWh/d
2015-03-06,161313842,kWh/d
2015-03-07,161313840,kWh/d
2015-03-08,161313840,kWh/d
2015-03-09,161313840,kWh/d
2015-03-10,161313840,kWh/d
2015-03-11,161313840,kWh/d
2015-03-12,161313840,kWh/d
2015-03-13,161313842,kWh/d
2015-03-14,161313840,kWh/d
2015-03-15,161313840,kWh/d
2015-03-16,161313842,kWh/d
2015-03-17,161313840,kWh/d
2015-03-18,161313840,kWh/d
2015-03-19,161313840,kWh/d
2015-03-20,161313842,kWh/d
2015-03-21,161313842,kWh/d
2015-03-22,161313842,kWh/d
2015-03-23,161313842,kWh/d
2015-03-24,161313842,kWh/d
2015-03-25,161313842,kWh/d
2015-03-26,161313842,kWh/d
2015-03-27,161313842,kWh/d
2015-03-28,161313842,kWh/d
2015-03-29,161313842,kWh/d
2015-03-30,161313842,kWh/d
2015-03-31,161313842,kWh/d
2015-04-01,162973824,kWh/d
2015-04-02,162973824,kWh/d
2015-04-03,162973824,kWh/d
2015-04-04,162973824,kWh/d
2015-04-05,162973824,kWh/d
2015-04-06,162973824,kWh/d
2015-04-07,162973824,kWh/d
2015-04-08,162973824,kWh/d
2015-04-09,162973824,kWh/d
2015-04-10,162973824,kWh/d
2015-04-11,162973824,kWh/d
2015-04-12,162973824,kWh/d
2015-04-13,162973824,kWh/d
2015-04-14,162973824,kWh/d
2015-04-15,162973824,kWh/d
2015-04-16,162973824,kWh/d
2015-04-17,162973824,kWh/d
2015-04-18,162973824,kWh/d
2015-04-19,162973824,kWh/d
2015-04-20,162973824,kWh/d
2015-04-21,162973824,kWh/d
2015-04-22,162973826,kWh/d
2015-04-23,162973826,kWh/d
2015-04-24,162973826,kWh/d
2015-04-25,162973826,kWh/d
2015-04-26,162973824,kWh/d
2015-04-27,162973826,kWh/d
2015-04-28,162973824,kWh/d
2015-04-29,162973824,kWh/d
2015-04-30,162973826,kWh/d
2015-05-01,162973824,kWh/d
2015-05-02,162973824,kWh/d
2015-05-03,162973824,kWh/d
2015-05-04,162973824,kWh/d
2015-05-05,162973824,kWh/d
2015-05-06,162973826,kWh/d
2015-05-07,162973824,kWh/d
2015-05-08,162973826,kWh/d
2015-05-09,162973826,kWh/d
2015-05-10,162973826,kWh/d
2015-05-11,162973826,kWh/d
2015-05-12,162973826,kWh/d
2015-05-13,162973824,kWh/d
2015-05-14,162973824,kWh/d
2015-05-15,162973824,kWh/d
2015-05-16,162973824,kWh/d
2015-05-17,162973824,kWh/d
2015-05-18,162973824,kWh/d
2015-05-19,162973824,kWh/d
2015-05-20,162973824,kWh/d
2015-05-21,162973824,kWh/d
2015-05-22,162973824,kWh/d
2015-05-23,162973824,kWh/d
2015-05-24,162973824,kWh/d
2015-05-25,162973824,kWh/d
2015-05-26,162973824,kWh/d
2015-05-27,162973824,kWh/d
2015-05-28,162973824,kWh/d
2015-05-29,162973824,kWh/d
2015-05-30,162973824,kWh/d
2015-05-31,162973824,kWh/d
2015-06-01,162973824,kWh/d
2015-06-02,162973824,kWh/d
2015-06-03,162973824,kWh/d
2015-06-04,162973824,kWh/d
2015-06-05,162973824,kWh/d
2015-06-06,162973824,kWh/d
2015-06-07,162973824,kWh/d
2015-06-08,162973824,kWh/d
2015-06-09,162973824,kWh/d
2015-06-10,162973824,kWh/d
2015-06-11,162973824,kWh/d
2015-06-12,162973826,kWh/d
2015-06-13,162973824,kWh/d
2015-06-14,162973824,kWh/d
2015-06-15,162973824,kWh/d
2015-06-16,162973824,kWh/d
2015-06-17,162973824,kWh/d
2015-06-18,162973824,kWh/d
2015-06-19,162973824,kWh/d
2015-06-20,162973824,kWh/d
2015-06-21,162973824,kWh/d
2015-06-22,162973824,kWh/d
2015-06-23,162973824,kWh/d
2015-06-24,162973824,kWh/d
2015-06-25,162973824,kWh/d
2015-06-26,162973826,kWh/d
2015-06-27,162973824,kWh/d
2015-06-28,162973824,kWh/d
2015-06-29,162973826,kWh/d
2015-06-30,162973824,kWh/d
2015-07-01,162473824,kWh/d
2015-07-02,162473824,kWh/d
2015-07-03,162473824,kWh/d
2015-07-04,162473824,kWh/d
2015-07-05,162473824,kWh/d
2015-07-06,162473824,kWh/d
2015-07-07,162473824,kWh/d
2015-07-08,162473824,kWh/d
2015-07-09,162473824,kWh/d
2015-07-10,162473835,kWh/d
2015-07-11,162473835,kWh/d
2015-07-12,162473835,kWh/d
2015-07-13,162473824,kWh/d
2015-07-14,162473824,kWh/d
2015-07-15,162473835,kWh/d
2015-07-16,162473835,kWh/d
2015-07-17,162473824,kWh/d
2015-07-18,162473824,kWh/d
2015-07-19,162473824,kWh/d
2015-07-20,162473835,kWh/d
2015-07-21,162473835,kWh/d
2015-07-22,162473835,kWh/d
2015-07-23,162473835,kWh/d
2015-07-24,162473835,kWh/d
2015-07-25,162473824,kWh/d
2015-07-26,162473824,kWh/d
2015-07-27,162473824,kWh/d
2015-07-28,162473835,kWh/d
2015-07-29,162473824,kWh/d
2015-07-30,162473824,kWh/d
2015-07-31,162473835,kWh/d
2015-08-01,162473824,kWh/d
2015-08-02,162473824,kWh/d
2015-08-03,162473824,kWh/d
2015-08-04,162473835,kWh/d
2015-08-05,162473835,kWh/d
2015-08-06,162473824,kWh/d
2015-08-07,162473835,kWh/d
2015-08-08,162473824,kWh/d
2015-08-09,162473824,kWh/d
2015-08-10,162473824,kWh/d
2015-08-11,162473824,kWh/d
2015-08-12,162473835,kWh/d
2015-08-13,162473824,kWh/d
2015-08-14,162473824,kWh/d
2015-08-15,162473824,kWh/d
2015-08-16,162473824,kWh/d
2015-08-17,162473824,kWh/d
2015-08-18,162473824,kWh/d
2015-08-19,162473835,kWh/d
2015-08-20,162473824,kWh/d
2015-08-21,162473835,kWh/d
2015-08-22,162473824,kWh/d
2015-08-23,162473824,kWh/d
2015-08-24,162473835,kWh/d
2015-08-25,162473835,kWh/d
2015-08-26,162473835,kWh/d
2015-08-27,162473835,kWh/d
2015-08-28,162473835,kWh/d
2015-08-29,162473835,kWh/d
2015-08-30,162473835,kWh/d
2015-08-31,162473835,kWh/d
2015-09-01,162473824,kWh/d
2015-09-02,162473824,kWh/d
2015-09-03,162473824,kWh/d
2015-09-04,162473824,kWh/d
2015-09-05,162473824,kWh/d
2015-09-06,162473824,kWh/d
2015-09-07,162473824,kWh/d
2015-09-08,162473824,kWh/d
2015-09-09,162473824,kWh/d
2015-09-10,162473824,kWh/d
2015-09-11,162473824,kWh/d
2015-09-12,162473824,kWh/d
2015-09-13,162473824,kWh/d
2015-09-14,162473824,kWh/d
2015-09-15,162473824,kWh/d
2015-09-16,162473824,kWh/d
2015-09-17,162473824,kWh/d
2015-09-18,162473835,kWh/d
2015-09-19,162473835,kWh/d
2015-09-20,162473835,kWh/d
2015-09-21,162473835,kWh/d
2015-09-22,162473835,kWh/d
2015-09-23,162473835,kWh/d
2015-09-24,162473835,kWh/d
2015-09-25,162473835,kWh/d
2015-09-26,162473835,kWh/d
2015-09-27,162473835,kWh/d
2015-09-28,162473835,kWh/d
2015-09-29,162473835,kWh/d
2015-09-30,162473835,kWh/d
2015-10-01,147140128,kWh/d
2015-10-02,147164064,kWh/d
2015-10-03,147140128,kWh/d
2015-10-04,147140128,kWh/d
2015-10-05,147140128,kWh/d
2015-10-06,147140128,kWh/d
2015-10-07,147140128,kWh/d
2015-10-08,147140128,kWh/d
2015-10-09,147140128,kWh/d
2015-10-10,147140128,kWh/d
2015-10-11,147140128,kWh/d
2015-10-12,147140128,kWh/d
2015-10-13,147140128,kWh/d
2015-10-14,147140128,kWh/d
2015-10-15,147140128,kWh/d
2015-10-16,147140140,kWh/d
2015-10-17,147140128,kWh/d
2015-10-18,147140128,kWh/d
2015-10-19,147140128,kWh/d
2015-10-20,147140128,kWh/d
2015-10-21,147140140,kWh/d
2015-10-22,147140140,kWh/d
2015-10-23,147140140,kWh/d
2015-10-24,147140140,kWh/d
2015-10-25,147140140,kWh/d
2015-10-26,147140140,kWh/d
2015-10-27,147140140,kWh/d
2015-10-28,147140140,kWh/d
2015-10-29,147140140,kWh/d
2015-10-30,147140140,kWh/d
2015-10-31,147140140,kWh/d
2015-11-01,147141136,kWh/d
2015-11-02,147141136,kWh/d
2015-11-03,147141136,kWh/d
2015-11-04,147141136,kWh/d
2015-11-05,147141136,kWh/d
2015-11-06,147141136,kWh/d
2015-11-07,147141136,kWh/d
2015-11-08,147141136,kWh/d
2015-11-09,147141136,kWh/d
2015-11-10,147141136,kWh/d
2015-11-11,147141136,kWh/d
2015-11-12,147141136,kWh/d
2015-11-13,153143162,kWh/d
2015-11-14,147141136,kWh/d
2015-11-15,147141136,kWh/d
2015-11-16,147141136,kWh/d
2015-11-17,153141168,kWh/d
2015-11-18,147141147,kWh/d
2015-11-19,154141152,kWh/d
2015-11-20,152391180,kWh/d
2015-11-21,147141136,kWh/d
2015-11-22,147141136,kWh/d
2015-11-23,147141136,kWh/d
2015-11-24,164572107,kWh/d
2015-11-25,147141136,kWh/d
2015-11-26,147261136,kWh/d
2015-11-27,151141152,kWh/d
2015-11-28,147141136,kWh/d
2015-11-29,147141136,kWh/d
2015-11-30,164572107,kWh/d
2015-12-01,155349122,kWh/d
2015-12-02,147645120,kWh/d
2015-12-03,147141136,kWh/d
2015-12-04,147141120,kWh/d
2015-12-05,147141120,kWh/d
2015-12-06,147141120,kWh/d
2015-12-07,147141120,kWh/d
2015-12-08,147141120,kWh/d
2015-12-09,147141120,kWh/d
2015-12-10,147141120,kWh/d
2015-12-11,147141120,kWh/d
2015-12-12,147141120,kWh/d
2015-12-13,147141136,kWh/d
2015-12-14,147141120,kWh/d
2015-12-15,147141120,kWh/d
2015-12-16,147141120,kWh/d
2015-12-17,147141120,kWh/d
2015-12-18,147141120,kWh/d
2015-12-19,147141120,kWh/d
2015-12-20,147141120,kWh/d
2015-12-21,147141120,kWh/d
2015-12-22,147141136,kWh/d
2015-12-23,147141136,kWh/d
2015-12-24,150141120,kWh/d
2015-12-25,147165120,kWh/d
2015-12-26,147141120,kWh/d
2015-12-27,147141136,kWh/d
2015-12-28,147141136,kWh/d
2015-12-29,147141120,kWh/d
2015-12-30,147141136,kWh/d
2015-12-31,147141136,kWh/d
2016-01-01,147141376,kWh/d
2016-01-02,147141136,kWh/d
2016-01-03,147141136,kWh/d
2016-01-04,147141136,kWh/d
2016-01-05,147141136,kWh/d
2016-01-06,147141136,kWh/d
2016-01-07,147141136,kWh/d
2016-01-08,147141168,kWh/d
2016-01-09,147141136,kWh/d
2016-01-10,147141136,kWh/d
2016-01-11,150150147,kWh/d
2016-01-12,147141136,kWh/d
2016-01-13,147141136,kWh/d
2016-01-14,147141136,kWh/d
2016-01-15,152141152,kWh/d
2016-01-16,147141136,kWh/d
2016-01-17,147141136,kWh/d
2016-01-18,147141136,kWh/d
2016-01-19,157081147,kWh/d
2016-01-20,156761147,kWh/d
2016-01-21,160398000,kWh/d
2016-01-22,152541136,kWh/d
2016-01-23,147141136,kWh/d
2016-01-24,147141136,kWh/d
2016-01-25,148849136,kWh/d
2016-01-26,151793152,kWh/d
2016-01-27,153931152,kWh/d
2016-01-28,152761152,kWh/d
2016-01-29,148141152,kWh/d
2016-01-30,147141136,kWh/d
2016-01-31,147141136,kWh/d
2016-02-01,152136160,kWh/d
2016-02-02,151761136,kWh/d
2016-02-03,151665136,kWh/d
2016-02-04,150321136,kWh/d
2016-02-05,148641136,kWh/d
2016-02-06,148641136,kWh/d
2016-02-07,149433136,kWh/d
2016-02-08,148641136,kWh/d
2016-02-09,148641152,kWh/d
2016-02-10,148641136,kWh/d
2016-02-11,149145136,kWh/d
2016-02-12,152665152,kWh/d
2016-02-13,148641136,kWh/d
2016-02-14,148641136,kWh/d
2016-02-15,152141147,kWh/d
2016-02-16,152771147,kWh/d
2016-02-17,153317147,kWh/d
2016-02-18,148641147,kWh/d
2016-02-19,148653136,kWh/d
2016-02-20,148641136,kWh/d
2016-02-21,148641136,kWh/d
2016-02-22,151567147,kWh/d
2016-02-23,148641147,kWh/d
2016-02-24,148641136,kWh/d
2016-02-25,148641136,kWh/d
2016-02-26,150979147,kWh/d
2016-02-27,148641136,kWh/d
2016-02-28,148641136,kWh/d
2016-02-29,150979147,kWh/d
2016-03-01,148641147,kWh/d
2016-03-02,152729147,kWh/d
2016-03-03,154711027,kWh/d
2016-03-04,148665136,kWh/d
2016-03-05,148641136,kWh/d
2016-03-06,148641136,kWh/d
2016-03-07,156802965,kWh/d
2016-03-08,157934227,kWh/d
2016-03-09,155471021,kWh/d
2016-03-10,155636989,kWh/d
2016-03-11,153305051,kWh/d
2016-03-12,148641136,kWh/d
2016-03-13,148641136,kWh/d
2016-03-14,155683013,kWh/d
2016-03-15,160489147,kWh/d
2016-03-16,159928459,kWh/d
2016-03-17,148641171,kWh/d
2016-03-18,151313162,kWh/d
2016-03-19,148641136,kWh/d
2016-03-20,148641136,kWh/d
2016-03-21,148641136,kWh/d
2016-03-22,149807122,kWh/d
2016-03-23,149807122,kWh/d
2016-03-24,148641136,kWh/d
2016-03-25,148641136,kWh/d
2016-03-26,148641136,kWh/d
2016-03-27,148641136,kWh/d
2016-03-28,148641136,kWh/d
2016-03-29,150390111,kWh/d
2016-03-30,148641219,kWh/d
2016-03-31,148641136,kWh/d
2016-04-01,147140128,kWh/d
2016-04-02,147140128,kWh/d
2016-04-03,147140128,kWh/d
2016-04-04,147140972,kWh/d
2016-04-05,147140128,kWh/d
2016-04-06,147140140,kWh/d
2016-04-07,147140128,kWh/d
2016-04-08,147140128,kWh/d
2016-04-09,147140128,kWh/d
2016-04-10,147140128,kWh/d
2016-04-11,147140140,kWh/d
2016-04-12,147140128,kWh/d
2016-04-13,147140128,kWh/d
2016-04-14,147140140,kWh/d
2016-04-15,147140140,kWh/d
2016-04-16,147140128,kWh/d
2016-04-17,147140128,kWh/d
2016-04-18,147140128,kWh/d
2016-04-19,147140140,kWh/d
2016-04-20,147140140,kWh/d
2016-04-21,147140140,kWh/d
2016-04-22,147140140,kWh/d
2016-04-23,147140128,kWh/d
2016-04-24,147140128,kWh/d
2016-04-25,147140128,kWh/d
2016-04-26,147140128,kWh/d
2016-04-27,147140128,kWh/d
2016-04-28,147140160,kWh/d
2016-04-29,147140128,kWh/d
2016-04-30,147140128,kWh/d
2016-05-01,147141136,kWh/d
2016-05-02,147141136,kWh/d
2016-05-03,147141136,kWh/d
2016-05-04,147141136,kWh/d
2016-05-05,147141136,kWh/d
2016-05-06,147141136,kWh/d
2016-05-07,147141136,kWh/d
2016-05-08,147141136,kWh/d
2016-05-09,147141136,kWh/d
2016-05-10,147140140,kWh/d
2016-05-11,147140140,kWh/d
2016-05-12,147140140,kWh/d
2016-05-13,147140140,kWh/d
2016-05-14,147141136,kWh/d
2016-05-15,147141136,kWh/d
2016-05-16,147141136,kWh/d
2016-05-17,147141136,kWh/d
2016-05-18,147141136,kWh/d
2016-05-19,147140140,kWh/d
2016-05-20,147141147,kWh/d
2016-05-21,147141136,kWh/d
2016-05-22,147141136,kWh/d
2016-05-23,147141136,kWh/d
2016-05-24,147140160,kWh/d
2016-05-25,147140160,kWh/d
2016-05-26,147140160,kWh/d
2016-05-27,147140160,kWh/d
2016-05-28,147140160,kWh/d
2016-05-29,147140160,kWh/d
2016-05-30,147140140,kWh/d
2016-05-31,147140140,kWh/d
2016-06-01,147140176,kWh/d
2016-06-02,147140176,kWh/d
2016-06-03,147140176,kWh/d
2016-06-04,147140176,kWh/d
2016-06-05,147140176,kWh/d
2016-06-06,147140176,kWh/d
2016-06-07,147140176,kWh/d
2016-06-08,147140176,kWh/d
2016-06-09,147140176,kWh/d
2016-06-10,147140176,kWh/d
2016-06-11,147140176,kWh/d
2016-06-12,147140176,kWh/d
2016-06-13,147140176,kWh/d
2016-06-14,147140176,kWh/d
2016-06-15,147140176,kWh/d
2016-06-16,147140176,kWh/d
2016-06-17,147140176,kWh/d
2016-06-18,147140176,kWh/d
2016-06-19,147140176,kWh/d
2016-06-20,147140176,kWh/d
2016-06-21,147140176,kWh/d
2016-06-22,147140176,kWh/d
2016-06-23,147140176,kWh/d
2016-06-24,147140176,kWh/d
2016-06-25,147140176,kWh/d
2016-06-26,147140176,kWh/d
2016-06-27,147140176,kWh/d
2016-06-28,147140176,kWh/d
2016-06-29,147140176,kWh/d
2016-06-30,147140176,kWh/d
2016-07-01,147140160,kWh/d
2016-07-02,147140160,kWh/d
2016-07-03,147140160,kWh/d
2016-07-04,147140160,kWh/d
2016-07-05,147140160,kWh/d
2016-07-06,147140160,kWh/d
2016-07-07,147140160,kWh/d
2016-07-08,147140160,kWh/d
2016-07-09,147140160,kWh/d
2016-07-10,147140160,kWh/d
2016-07-11,147140160,kWh/d
2016-07-12,147140160,kWh/d
2016-07-13,147140160,kWh/d
2016-07-14,147140160,kWh/d
2016-07-15,147140160,kWh/d
2016-07-16,147140160,kWh/d
2016-07-17,147140160,kWh/d
2016-07-18,147140160,kWh/d
2016-07-19,147140160,kWh/d
2016-07-20,147140160,kWh/d
2016-07-21,147140160,kWh/d
2016-07-22,147140160,kWh/d
2016-07-23,147140160,kWh/d
2016-07-24,147140160,kWh/d
2016-07-25,147140160,kWh/d
2016-07-26,147140160,kWh/d
2016-07-27,147140160,kWh/d
2016-07-28,147140160,kWh/d
2016-07-29,147140160,kWh/d
2016-07-30,147140160,kWh/d
2016-07-31,147140160,kWh/d
2016-08-01,147140176,kWh/d
2016-08-02,147140176,kWh/d
2016-08-03,147140176,kWh/d
2016-08-04,147140176,kWh/d
2016-08-05,147140176,kWh/d
2016-08-06,147140176,kWh/d
2016-08-07,147140176,kWh/d
2016-08-08,147140176,kWh/d
2016-08-09,147140176,kWh/d
2016-08-10,147140176,kWh/d
2016-08-11,147140176,kWh/d
2016-08-12,147140176,kWh/d
2016-08-13,147140176,kWh/d
2016-08-14,147140176,kWh/d
2016-08-15,147140176,kWh/d
2016-08-16,147140176,kWh/d
2016-08-17,147140176,kWh/d
2016-08-18,147140176,kWh/d
2016-08-19,147140176,kWh/d
2016-08-20,147140176,kWh/d
2016-08-21,147140176,kWh/d
2016-08-22,147140176,kWh/d
2016-08-23,147140176,kWh/d
2016-08-24,147140176,kWh/d
2016-08-25,147140176,kWh/d
2016-08-26,147140176,kWh/d
2016-08-27,147140176,kWh/d
2016-08-28,147140176,kWh/d
2016-08-29,147140176,kWh/d
2016-08-30,147140176,kWh/d
2016-08-31,147140176,kWh/d
2016-09-01,147140134,kWh/d
2016-09-02,147140134,kWh/d
2016-09-03,147140134,kWh/d
2016-09-04,147140134,kWh/d
2016-09-05,147140134,kWh/d
2016-09-06,147140134,kWh/d
2016-09-07,147140134,kWh/d
2016-09-08,147140134,kWh/d
2016-09-09,147140134,kWh/d
2016-09-10,147140134,kWh/d
2016-09-11,147140134,kWh/d
2016-09-12,147140134,kWh/d
2016-09-13,147140134,kWh/d
2016-09-14,147140134,kWh/d
2016-09-15,147140134,kWh/d
2016-09-16,147140134,kWh/d
2016-09-17,147140134,kWh/d
2016-09-18,147140134,kWh/d
2016-09-19,147140134,kWh/d
2016-09-20,147140134,kWh/d
2016-09-21,147140134,kWh/d
2016-09-22,147140134,kWh/d
2016-09-23,147140134,kWh/d
2016-09-24,147140134,kWh/d
2016-09-25,147140134,kWh/d
2016-09-26,147140134,kWh/d
2016-09-27,147140134,kWh/d
2016-09-28,147140134,kWh/d
2016-09-29,147140134,kWh/d
2016-09-30,147140134,kWh/d
2016-10-01,147631077,kWh/d
2016-10-02,147631077,kWh/d
2016-10-03,147631077,kWh/d
2016-10-04,147631107,kWh/d
2016-10-05,147631107,kWh/d
2016-10-06,147631107,kWh/d
2016-10-07,147631107,kWh/d
2016-10-08,147631077,kWh/d
2016-10-09,147631077,kWh/d
2016-10-10,147631107,kWh/d
2016-10-11,147631107,kWh/d
2016-10-12,147631077,kWh/d
2016-10-13,147631107,kWh/d
2016-10-14,147631077,kWh/d
2016-10-15,147631077,kWh/d
2016-10-16,147631077,kWh/d
2016-10-17,147631107,kWh/d
2016-10-18,147631107,kWh/d
2016-10-19,147631107,kWh/d
2016-10-20,147631107,kWh/d
2016-10-21,147631107,kWh/d
2016-10-22,147631077,kWh/d
2016-10-23,147631077,kWh/d
2016-10-24,147631107,kWh/d
2016-10-25,147631107,kWh/d
2016-10-26,147631107,kWh/d
2016-10-27,147631107,kWh/d
2016-10-28,147631107,kWh/d
2016-10-29,147631107,kWh/d
2016-10-30,147631077,kWh/d
2016-10-31,147631077,kWh/d
2016-11-01,147631077,kWh/d
2016-11-02,147631077,kWh/d
2016-11-03,147655077,kWh/d
2016-11-04,147631077,kWh/d
2016-11-05,147631077,kWh/d
2016-11-06,147631077,kWh/d
2016-11-07,147631077,kWh/d
2016-11-08,147631086,kWh/d
2016-11-09,147631077,kWh/d
2016-11-10,147631077,kWh/d
2016-11-11,147631077,kWh/d
2016-11-12,147631077,kWh/d
2016-11-13,147631077,kWh/d
2016-11-14,147631077,kWh/d
2016-11-15,147631077,kWh/d
2016-11-16,147631077,kWh/d
2016-11-17,147631077,kWh/d
2016-11-18,147631077,kWh/d
2016-11-19,147631077,kWh/d
2016-11-20,147631077,kWh/d
2016-11-21,147631077,kWh/d
2016-11-22,151644122,kWh/d
2016-11-23,151639076,kWh/d
2016-11-24,147631077,kWh/d
2016-11-25,147631077,kWh/d
2016-11-26,147631077,kWh/d
2016-11-27,147631077,kWh/d
2016-11-28,147637718,kWh/d
2016-11-29,147635111,kWh/d
2016-11-30,147631077,kWh/d
2016-12-01,147631053,kWh/d
2016-12-02,147631053,kWh/d
2016-12-03,147631053,kWh/d
2016-12-04,147631053,kWh/d
2016-12-05,147634089,kWh/d
2016-12-06,160856583,kWh/d
2016-12-07,164572107,kWh/d
2016-12-08,155065022,kWh/d
2016-12-09,162631053,kWh/d
2016-12-10,147631053,kWh/d
2016-12-11,147631053,kWh/d
2016-12-12,148142958,kWh/d
2016-12-13,164572107,kWh/d
2016-12-14,164572107,kWh/d
2016-12-15,164572106,kWh/d
2016-12-16,164572105,kWh/d
2016-12-17,164572107,kWh/d
2016-12-18,156031383,kWh/d
2016-12-19,157137583,kWh/d
2016-12-20,151631085,kWh/d
2016-12-21,148641283,kWh/d
2016-12-22,164572107,kWh/d
2016-12-23,153139100,kWh/d
2016-12-24,147631053,kWh/d
2016-12-25,147641060,kWh/d
2016-12-26,147631053,kWh/d
2016-12-27,147631053,kWh/d
2016-12-28,147631053,kWh/d
2016-12-29,147631053,kWh/d
2016-12-30,147631053,kWh/d
2016-12-31,147631053,kWh/d
2017-01-01,164572076,kWh/d
2017-01-02,164569108,kWh/d
2017-01-03,164572106,kWh/d
2017-01-04,164572106,kWh/d
2017-01-05,164572106,kWh/d
2017-01-06,163679090,kWh/d
2017-01-07,163679090,kWh/d
2017-01-08,163679611,kWh/d
2017-01-09,164572106,kWh/d
2017-01-10,164572106,kWh/d
2017-01-11,164572106,kWh/d
2017-01-12,163679202,kWh/d
2017-01-13,163679090,kWh/d
2017-01-14,163679060,kWh/d
2017-01-15,164079068,kWh/d
2017-01-16,163679060,kWh/d
2017-01-17,163679351,kWh/d
2017-01-18,163679425,kWh/d
2017-01-19,164567090,kWh/d
2017-01-20,163679090,kWh/d
2017-01-21,163679060,kWh/d
2017-01-22,163679060,kWh/d
2017-01-23,164572106,kWh/d
2017-01-24,163679090,kWh/d
2017-01-25,163679060,kWh/d
2017-01-26,163679060,kWh/d
2017-01-27,163679462,kWh/d
2017-01-28,164572106,kWh/d
2017-01-29,164572106,kWh/d
2017-01-30,164572106,kWh/d
2017-01-31,164572106,kWh/d
2017-02-01,164572107,kWh/d
2017-02-02,158815053,kWh/d
2017-02-03,158815053,kWh/d
2017-02-04,158815053,kWh/d
2017-02-05,158815053,kWh/d
2017-02-06,158815053,kWh/d
2017-02-07,158815053,kWh/d
2017-02-08,158815053,kWh/d
2017-02-09,158815053,kWh/d
2017-02-10,158815053,kWh/d
2017-02-11,158815053,kWh/d
2017-02-12,158815053,kWh/d
2017-02-13,158815053,kWh/d
2017-02-14,158815053,kWh/d
2017-02-15,158815053,kWh/d
2017-02-16,158815053,kWh/d
2017-02-17,158815053,kWh/d
2017-02-18,158815053,kWh/d
2017-02-19,158815053,kWh/d
2017-02-20,158815053,kWh/d
2017-02-21,158815053,kWh/d
2017-02-22,158815053,kWh/d
2017-02-23,158815053,kWh/d
2017-02-24,158815053,kWh/d
2017-02-25,158815053,kWh/d
2017-02-26,158815053,kWh/d
2017-02-27,158815053,kWh/d
2017-02-28,158815053,kWh/d
2017-03-01,147631053,kWh/d
2017-03-02,147631053,kWh/d
2017-03-03,147631053,kWh/d
2017-03-04,147631053,kWh/d
2017-03-05,147631053,kWh/d
2017-03-06,147631053,kWh/d
2017-03-07,147631053,kWh/d
2017-03-08,147631053,kWh/d
2017-03-09,147631053,kWh/d
2017-03-10,147631053,kWh/d
2017-03-11,147631053,kWh/d
2017-03-12,147631053,kWh/d
2017-03-13,147631053,kWh/d
2017-03-14,147631053,kWh/d
2017-03-15,147631053,kWh/d
2017-03-16,147631053,kWh/d
2017-03-17,147631053,kWh/d
2017-03-18,147631053,kWh/d
2017-03-19,147631053,kWh/d
2017-03-20,147631053,kWh/d
2017-03-21,147631053,kWh/d
2017-03-22,147631053,kWh/d
2017-03-23,147631053,kWh/d
2017-03-24,147631053,kWh/d
2017-03-25,147631053,kWh/d
2017-03-26,147631053,kWh/d
2017-03-27,147631083,kWh/d
2017-03-28,147631053,kWh/d
2017-03-29,147631053,kWh/d
2017-03-30,147631053,kWh/d
2017-03-31,147631053,kWh/d
2017-04-01,147631053,kWh/d
2017-04-02,147631053,kWh/d
2017-04-03,147631083,kWh/d
2017-04-04,147631083,kWh/d
2017-04-05,147631083,kWh/d
2017-04-06,147631083,kWh/d
2017-04-07,147631083,kWh/d
2017-04-08,147631053,kWh/d
2017-04-09,147631053,kWh/d
2017-04-10,147631083,kWh/d
2017-04-11,147631083,kWh/d
2017-04-12,147631083,kWh/d
2017-04-13,147631053,kWh/d
2017-04-14,147631053,kWh/d
2017-04-15,147631053,kWh/d
2017-04-16,147631053,kWh/d
2017-04-17,147631053,kWh/d
2017-04-18,147631053,kWh/d
2017-04-19,147631083,kWh/d
2017-04-20,147631053,kWh/d
2017-04-21,147631053,kWh/d
2017-04-22,147631053,kWh/d
2017-04-23,147631053,kWh/d
2017-04-24,147631053,kWh/d
2017-04-25,147631053,kWh/d
2017-04-26,147631053,kWh/d
2017-04-27,147631083,kWh/d
2017-04-28,147631053,kWh/d
2017-04-29,147631053,kWh/d
2017-04-30,147631053,kWh/d
2017-05-01,147631083,kWh/d
2017-05-02,147631083,kWh/d
2017-05-03,147631083,kWh/d
2017-05-04,147631083,kWh/d
2017-05-05,147631083,kWh/d
2017-05-06,147631083,kWh/d
2017-05-07,147631083,kWh/d
2017-05-08,147631083,kWh/d
2017-05-09,147631083,kWh/d
2017-05-10,147631083,kWh/d
2017-05-11,147631083,kWh/d
2017-05-12,147631083,kWh/d
2017-05-13,147631083,kWh/d
2017-05-14,147631083,kWh/d
2017-05-15,147631083,kWh/d
2017-05-16,147631083,kWh/d
2017-05-17,147631083,kWh/d
2017-05-18,147631083,kWh/d
2017-05-19,147631083,kWh/d
2017-05-20,147631083,kWh/d
2017-05-21,147631083,kWh/d
2017-05-22,147631083,kWh/d
2017-05-23,147631083,kWh/d
2017-05-24,147631083,kWh/d
2017-05-25,147631083,kWh/d
2017-05-26,147631083,kWh/d
2017-05-27,147631083,kWh/d
2017-05-28,147631083,kWh/d
2017-05-29,147631083,kWh/d
2017-05-30,147631083,kWh/d
2017-05-31,147631083,kWh/d
2017-06-01,149631099,kWh/d
2017-06-02,159449114,kWh/d
2017-06-03,156791259,kWh/d
2017-06-04,154628115,kWh/d
2017-06-05,152212634,kWh/d
2017-06-06,149631099,kWh/d
2017-06-07,149631099,kWh/d
2017-06-08,149631099,kWh/d
2017-06-09,149631099,kWh/d
2017-06-10,149631099,kWh/d
2017-06-11,149631099,kWh/d
2017-06-12,149631099,kWh/d
2017-06-13,149631099,kWh/d
2017-06-14,149631099,kWh/d
2017-06-15,149631099,kWh/d
2017-06-16,149631099,kWh/d
2017-06-17,149631099,kWh/d
2017-06-18,149631099,kWh/d
2017-06-19,149631099,kWh/d
2017-06-20,149631099,kWh/d
2017-06-21,156473499,kWh/d
2017-06-22,157538859,kWh/d
2017-06-23,169625208,kWh/d
2017-06-24,149631099,kWh/d
2017-06-25,149631099,kWh/d
2017-06-26,149631099,kWh/d
2017-06-27,149631099,kWh/d
2017-06-28,149631099,kWh/d
2017-06-29,149631099,kWh/d
2017-06-30,149631099,kWh/d
2017-07-01,148631091,kWh/d
2017-07-02,148631091,kWh/d
2017-07-03,148631091,kWh/d
2017-07-04,148631091,kWh/d
2017-07-05,148631091,kWh/d
2017-07-06,148631091,kWh/d
2017-07-07,148631091,kWh/d
2017-07-08,148631091,kWh/d
2017-07-09,148631091,kWh/d
2017-07-10,148631091,kWh/d
2017-07-11,148631091,kWh/d
2017-07-12,148631091,kWh/d
2017-07-13,148631091,kWh/d
2017-07-14,148631091,kWh/d
2017-07-15,148631091,kWh/d
2017-07-16,148631091,kWh/d
2017-07-17,148631091,kWh/d
2017-07-18,148631091,kWh/d
2017-07-19,148631091,kWh/d
2017-07-20,148631115,kWh/d
2017-07-21,148631091,kWh/d
2017-07-22,148631091,kWh/d
2017-07-23,148631091,kWh/d
2017-07-24,148631091,kWh/d
2017-07-25,148631091,kWh/d
2017-07-26,148631091,kWh/d
2017-07-27,148631091,kWh/d
2017-07-28,148631091,kWh/d
2017-07-29,148631091,kWh/d
2017-07-30,148631091,kWh/d
2017-07-31,148631091,kWh/d
2017-08-01,152631099,kWh/d
2017-08-02,152631099,kWh/d
2017-08-03,162639098,kWh/d
2017-08-04,152631099,kWh/d
2017-08-05,152631099,kWh/d
2017-08-06,152631099,kWh/d
2017-08-07,152631099,kWh/d
2017-08-08,152631099,kWh/d
2017-08-09,152631099,kWh/d
2017-08-10,152631099,kWh/d
2017-08-11,152631099,kWh/d
2017-08-12,152631099,kWh/d
2017-08-13,152631099,kWh/d
2017-08-14,152631099,kWh/d
2017-08-15,152631099,kWh/d
2017-08-16,152631099,kWh/d
2017-08-17,152631099,kWh/d
2017-08-18,152631099,kWh/d
2017-08-19,152631099,kWh/d
2017-08-20,152631099,kWh/d
2017-08-21,152631099,kWh/d
2017-08-22,152631099,kWh/d
2017-08-23,152631099,kWh/d
2017-08-24,152631099,kWh/d
2017-08-25,152631099,kWh/d
2017-08-26,152631099,kWh/d
2017-08-27,152631099,kWh/d
2017-08-28,152631099,kWh/d
2017-08-29,152631099,kWh/d
2017-08-30,152631099,kWh/d
2017-08-31,152631099,kWh/d
2017-09-01,147631083,kWh/d
2017-09-02,147631083,kWh/d
2017-09-03,147631083,kWh/d
2017-09-04,147631083,kWh/d
2017-09-05,147631083,kWh/d
2017-09-06,147631083,kWh/d
2017-09-07,147631083,kWh/d
2017-09-08,147631083,kWh/d
2017-09-09,147631083,kWh/d
2017-09-10,147631083,kWh/d
2017-09-11,147631083,kWh/d
2017-09-12,147631083,kWh/d
2017-09-13,147631083,kWh/d
2017-09-14,147631083,kWh/d
2017-09-15,147631083,kWh/d
2017-09-16,147631083,kWh/d
2017-09-17,147631083,kWh/d
2017-09-18,147631083,kWh/d
2017-09-19,147631083,kWh/d
2017-09-20,147631083,kWh/d
2017-09-21,147631083,kWh/d
2017-09-22,147631083,kWh/d
2017-09-23,147631083,kWh/d
2017-09-24,147631083,kWh/d
2017-09-25,147631083,kWh/d
2017-09-26,147631083,kWh/d
2017-09-27,147631083,kWh/d
2017-09-28,147631083,kWh/d
2017-09-29,147631083,kWh/d
2017-09-30,147631083,kWh/d
2017-10-01,147645075,kWh/d
2017-10-02,147646579,kWh/d
2017-10-03,163185074,kWh/d
2017-10-04,147645075,kWh/d
2017-10-05,148045083,kWh/d
2017-10-06,147645075,kWh/d
2017-10-07,147645075,kWh/d
2017-10-08,147645075,kWh/d
2017-10-09,154396619,kWh/d
2017-10-10,174546170,kWh/d
2017-10-11,174546170,kWh/d
2017-10-12,166785056,kWh/d
2017-10-13,173016291,kWh/d
2017-10-14,151649083,kWh/d
2017-10-15,163359434,kWh/d
2017-10-16,160772638,kWh/d
2017-10-17,174546170,kWh/d
2017-10-18,174546168,kWh/d
2017-10-19,172856745,kWh/d
2017-10-20,174546169,kWh/d
2017-10-21,149078376,kWh/d
2017-10-22,159217874,kWh/d
2017-10-23,160258418,kWh/d
2017-10-24,174546168,kWh/d
2017-10-25,147656963,kWh/d
2017-10-26,174546170,kWh/d
2017-10-27,172643064,kWh/d
2017-10-28,147645075,kWh/d
2017-10-29,147648873,kWh/d
2017-10-30,164644035,kWh/d
2017-10-31,147655075,kWh/d
2017-11-01,147645075,kWh/d
2017-11-02,147645075,kWh/d
2017-11-03,147645075,kWh/d
2017-11-04,147645075,kWh/d
2017-11-05,147645075,kWh/d
2017-11-06,147645075,kWh/d
2017-11-07,147645075,kWh/d
2017-11-08,147645075,kWh/d
2017-11-09,147645075,kWh/d
2017-11-10,147645075,kWh/d
2017-11-11,147645075,kWh/d
2017-11-12,147645075,kWh/d
2017-11-13,147645075,kWh/d
2017-11-14,147645075,kWh/d
2017-11-15,147645075,kWh/d
2017-11-16,147645075,kWh/d
2017-11-17,147645075,kWh/d
2017-11-18,147645075,kWh/d
2017-11-19,147645075,kWh/d
2017-11-20,147645075,kWh/d
2017-11-21,147645075,kWh/d
2017-11-22,147645075,kWh/d
2017-11-23,147645075,kWh/d
2017-11-24,147645075,kWh/d
2017-11-25,147645075,kWh/d
2017-11-26,147645075,kWh/d
2017-11-27,147645075,kWh/d
2017-11-28,147645075,kWh/d
2017-11-29,147645075,kWh/d
2017-11-30,147645075,kWh/d
2017-12-01,147645075,kWh/d
2017-12-02,147645075,kWh/d
2017-12-03,147654412,kWh/d
2017-12-04,147645075,kWh/d
2017-12-05,147645075,kWh/d
2017-12-06,149545083,kWh/d
2017-12-07,147645075,kWh/d
2017-12-08,147645075,kWh/d
2017-12-09,147645075,kWh/d
2017-12-10,147645075,kWh/d
2017-12-11,147645075,kWh/d
2017-12-12,147645075,kWh/d
2017-12-13,147645075,kWh/d
2017-12-14,147645075,kWh/d
2017-12-15,147645075,kWh/d
2017-12-16,147645075,kWh/d
2017-12-17,147645075,kWh/d
2017-12-18,147645075,kWh/d
2017-12-19,154941074,kWh/d
2017-12-20,147645075,kWh/d
2017-12-21,147651347,kWh/d
2017-12-22,147647650,kWh/d
2017-12-23,147647825,kWh/d
2017-12-24,147645075,kWh/d
2017-12-25,147647575,kWh/d
2017-12-26,147645075,kWh/d
2017-12-27,147645075,kWh/d
2017-12-28,147645075,kWh/d
2017-12-29,147645075,kWh/d
2017-12-30,147645075,kWh/d
2017-12-31,147645075,kWh/d
2018-01-01,147645075,kWh/d
2018-01-02,147645075,kWh/d
2018-01-03,147645075,kWh/d
2018-01-04,147645075,kWh/d
2018-01-05,147645075,kWh/d
2018-01-06,147645075,kWh/d
2018-01-07,147645075,kWh/d
2018-01-08,152743089,kWh/d
2018-01-09,147645075,kWh/d
2018-01-10,147645087,kWh/d
2018-01-11,147645075,kWh/d
2018-01-12,147645075,kWh/d
2018-01-13,147645075,kWh/d
2018-01-14,147645075,kWh/d
2018-01-15,147645075,kWh/d
2018-01-16,147645075,kWh/d
2018-01-17,147645075,kWh/d
2018-01-18,147645075,kWh/d
2018-01-19,147645075,kWh/d
2018-01-20,147645075,kWh/d
2018-01-21,147645075,kWh/d
2018-01-22,147645075,kWh/d
2018-01-23,147645075,kWh/d
2018-01-24,147645075,kWh/d
2018-01-25,147645075,kWh/d
2018-01-26,147645075,kWh/d
2018-01-27,147645075,kWh/d
2018-01-28,147645075,kWh/d
2018-01-29,147645075,kWh/d
2018-01-30,147645075,kWh/d
2018-01-31,150045075,kWh/d
2018-02-01,152445075,kWh/d
2018-02-02,153645075,kWh/d
2018-02-03,149734238,kWh/d
2018-02-04,149733074,kWh/d
2018-02-05,152139544,kWh/d
2018-02-06,157241089,kWh/d
2018-02-07,164572106,kWh/d
2018-02-08,164572106,kWh/d
2018-02-09,164572106,kWh/d
2018-02-10,149733074,kWh/d
2018-02-11,149733074,kWh/d
2018-02-12,149733074,kWh/d
2018-02-13,147645075,kWh/d
2018-02-14,147645075,kWh/d
2018-02-15,147645075,kWh/d
2018-02-16,147669290,kWh/d
2018-02-17,147645075,kWh/d
2018-02-18,147645075,kWh/d
2018-02-19,147645075,kWh/d
2018-02-20,147645075,kWh/d
2018-02-21,147645075,kWh/d
2018-02-22,147645075,kWh/d
2018-02-23,147645075,kWh/d
2018-02-24,147645075,kWh/d
2018-02-25,147645075,kWh/d
2018-02-26,147645075,kWh/d
2018-02-27,147645075,kWh/d
2018-02-28,147645075,kWh/d
2018-03-01,147645075,kWh/d
2018-03-02,147645075,kWh/d
2018-03-03,147645075,kWh/d
2018-03-04,147645075,kWh/d
2018-03-05,147645075,kWh/d
2018-03-06,147645075,kWh/d
2018-03-07,150645075,kWh/d
2018-03-08,160153082,kWh/d
2018-03-09,147645075,kWh/d
2018-03-10,147645075,kWh/d
2018-03-11,147645075,kWh/d
2018-03-12,147645075,kWh/d
2018-03-13,147645075,kWh/d
2018-03-14,147645075,kWh/d
2018-03-15,147645075,kWh/d
2018-03-16,147645075,kWh/d
2018-03-17,147645075,kWh/d
2018-03-18,147645075,kWh/d
2018-03-19,147645075,kWh/d
2018-03-20,147645075,kWh/d
2018-03-21,147645075,kWh/d
2018-03-22,147645075,kWh/d
2018-03-23,147645075,kWh/d
2018-03-24,147645075,kWh/d
2018-03-25,147645075,kWh/d
2018-03-26,147645075,kWh/d
2018-03-27,147645075,kWh/d
2018-03-28,147645075,kWh/d
2018-03-29,147645075,kWh/d
2018-03-30,147645075,kWh/d
2018-03-31,147645075,kWh/d
2018-04-01,147645075,kWh/d
2018-04-02,147645075,kWh/d
2018-04-03,147645075,kWh/d
2018-04-04,147645075,kWh/d
2018-04-05,147645075,kWh/d
2018-04-06,147645075,kWh/d
2018-04-07,147645075,kWh/d
2018-04-08,147645075,kWh/d
2018-04-09,147645075,kWh/d
2018-04-10,147645075,kWh/d
2018-04-11,147645075,kWh/d
2018-04-12,147645075,kWh/d
2018-04-13,147645075,kWh/d
2018-04-14,147645075,kWh/d
2018-04-15,147645075,kWh/d
2018-04-16,147645075,kWh/d
2018-04-17,147645075,kWh/d
2018-04-18,147645075,kWh/d
2018-04-19,147645075,kWh/d
2018-04-20,147645075,kWh/d
2018-04-21,147645075,kWh/d
2018-04-22,147645075,kWh/d
2018-04-23,147645075,kWh/d
2018-04-24,147645075,kWh/d
2018-04-25,147645075,kWh/d
2018-04-26,147645075,kWh/d
2018-04-27,147645075,kWh/d
2018-04-28,147645075,kWh/d
2018-04-29,147645075,kWh/d
2018-04-30,147645075,kWh/d
2018-05-01,147645075,kWh/d
2018-05-02,147645075,kWh/d
2018-05-03,147645075,kWh/d
2018-05-04,147645075,kWh/d
2018-05-05,147645075,kWh/d
2018-05-06,147645075,kWh/d
2018-05-07,147645075,kWh/d
2018-05-08,147645075,kWh/d
2018-05-09,147645075,kWh/d
2018-05-10,147645075,kWh/d
2018-05-11,147645075,kWh/d
2018-05-12,147645075,kWh/d
2018-05-13,147645075,kWh/d
2018-05-14,147645075,kWh/d
2018-05-15,147645075,kWh/d
2018-05-16,147645075,kWh/d
2018-05-17,147645075,kWh/d
2018-05-18,147645075,kWh/d
2018-05-19,147645075,kWh/d
2018-05-20,147645075,kWh/d
2018-05-21,147645075,kWh/d
2018-05-22,147645075,kWh/d
2018-05-23,147645075,kWh/d
2018-05-24,147645075,kWh/d
2018-05-25,147645075,kWh/d
2018-05-26,147645075,kWh/d
2018-05-27,147645075,kWh/d
2018-05-28,147645075,kWh/d
2018-05-29,147645075,kWh/d
2018-05-30,147645075,kWh/d
2018-05-31,147645075,kWh/d
2018-06-01,147645075,kWh/d
2018-06-02,147645075,kWh/d
2018-06-03,147645075,kWh/d
2018-06-04,147645075,kWh/d
2018-06-05,147645075,kWh/d
2018-06-06,147645075,kWh/d
2018-06-07,147645075,kWh/d
2018-06-08,147645075,kWh/d
2018-06-09,147645075,kWh/d
2018-06-10,147645075,kWh/d
2018-06-11,147645075,kWh/d
2018-06-12,147645075,kWh/d
2018-06-13,147645075,kWh/d
2018-06-14,147645075,kWh/d
2018-06-15,147645075,kWh/d
2018-06-16,147645075,kWh/d
2018-06-17,147645075,kWh/d
2018-06-18,147645075,kWh/d
2018-06-19,147645075,kWh/d
2018-06-20,147645075,kWh/d
2018-06-21,147645075,kWh/d
2018-06-22,147645075,kWh/d
2018-06-23,147645075,kWh/d
2018-06-24,147645075,kWh/d
2018-06-25,147645075,kWh/d
2018-06-26,147645075,kWh/d
2018-06-27,147645075,kWh/d
2018-06-28,147645075,kWh/d
2018-06-29,147645075,kWh/d
2018-06-30,147645075,kWh/d
2018-07-01,147645194,kWh/d
2018-07-02,147645194,kWh/d
2018-07-03,147645194,kWh/d
2018-07-04,147645194,kWh/d
2018-07-05,147645194,kWh/d
2018-07-06,147645194,kWh/d
2018-07-07,147645194,kWh/d
2018-07-08,147645194,kWh/d
2018-07-09,147645194,kWh/d
2018-07-10,147645194,kWh/d
2018-07-11,147645194,kWh/d
2018-07-12,147645194,kWh/d
2018-07-13,147645194,kWh/d
2018-07-14,147645194,kWh/d
2018-07-15,147645194,kWh/d
2018-07-16,147645194,kWh/d
2018-07-17,147645194,kWh/d
2018-07-18,147645194,kWh/d
2018-07-19,147645194,kWh/d
2018-07-20,147645194,kWh/d
2018-07-21,147645194,kWh/d
2018-07-22,147645194,kWh/d
2018-07-23,147645194,kWh/d
2018-07-24,147645194,kWh/d
2018-07-25,147645194,kWh/d
2018-07-26,147645194,kWh/d
2018-07-27,147645194,kWh/d
2018-07-28,147645194,kWh/d
2018-07-29,147645194,kWh/d
2018-07-30,147645194,kWh/d
2018-07-31,147645194,kWh/d
2018-08-01,147645194,kWh/d
2018-08-02,147645194,kWh/d
2018-08-03,147645194,kWh/d
2018-08-04,147645194,kWh/d
2018-08-05,147645194,kWh/d
2018-08-06,147645194,kWh/d
2018-08-07,147645194,kWh/d
2018-08-08,147645194,kWh/d
2018-08-09,147645194,kWh/d
2018-08-10,147645194,kWh/d
2018-08-11,147645194,kWh/d
2018-08-12,147645194,kWh/d
2018-08-13,147645194,kWh/d
2018-08-14,147645194,kWh/d
2018-08-15,147645194,kWh/d
2018-08-16,147645194,kWh/d
2018-08-17,147645194,kWh/d
2018-08-18,147645194,kWh/d
2018-08-19,147645194,kWh/d
2018-08-20,147645194,kWh/d
2018-08-21,147645194,kWh/d
2018-08-22,147645194,kWh/d
2018-08-23,147645194,kWh/d
2018-08-24,147645194,kWh/d
2018-08-25,147645194,kWh/d
2018-08-26,147645194,kWh/d
2018-08-27,147645194,kWh/d
2018-08-28,147645194,kWh/d
2018-08-29,147645194,kWh/d
2018-08-30,147645194,kWh/d
2018-08-31,147645194,kWh/d
2018-09-01,154845194,kWh/d
2018-09-02,154845194,kWh/d
2018-09-03,154845194,kWh/d
2018-09-04,154845194,kWh/d
2018-09-05,154845194,kWh/d
2018-09-06,154845194,kWh/d
2018-09-07,154845194,kWh/d
2018-09-08,154845194,kWh/d
2018-09-09,154845194,kWh/d
2018-09-10,154845194,kWh/d
2018-09-11,154845194,kWh/d
2018-09-12,154845194,kWh/d
2018-09-13,154845194,kWh/d
2018-09-14,154845194,kWh/d
2018-09-15,154845194,kWh/d
2018-09-16,154845194,kWh/d
2018-09-17,154845194,kWh/d
2018-09-18,154845194,kWh/d
2018-09-19,154845194,kWh/d
2018-09-20,154845194,kWh/d
2018-09-21,154845194,kWh/d
2018-09-22,154845261,kWh/d
2018-09-23,154845194,kWh/d
2018-09-24,154845194,kWh/d
2018-09-25,154845194,kWh/d
2018-09-26,154845194,kWh/d
2018-09-27,154845194,kWh/d
2018-09-28,154845194,kWh/d
2018-09-29,154845194,kWh/d
2018-09-30,154845194,kWh/d
2018-10-01,164572107,kWh/d
2018-10-02,164572107,kWh/d
2018-10-03,164572107,kWh/d
2018-10-04,164572107,kWh/d
2018-10-05,164572107,kWh/d
2018-10-06,164572107,kWh/d
2018-10-07,164572107,kWh/d
2018-10-08,164572107,kWh/d
2018-10-09,164572107,kWh/d
2018-10-10,164572107,kWh/d
2018-10-11,164572107,kWh/d
2018-10-12,164572107,kWh/d
2018-10-13,164572107,kWh/d
2018-10-14,164572107,kWh/d
2018-10-15,164572107,kWh/d
2018-10-16,164572107,kWh/d
2018-10-17,164572107,kWh/d
2018-10-18,164572107,kWh/d
2018-10-19,164572107,kWh/d
2018-10-20,164572107,kWh/d
2018-10-21,164572107,kWh/d
2018-10-22,164572107,kWh/d
2018-10-23,164572107,kWh/d
2018-10-24,164572107,kWh/d
2018-10-25,164572107,kWh/d
2018-10-26,164572107,kWh/d
2018-10-27,164572107,kWh/d
2018-10-28,164572107,kWh/d
2018-10-29,164572107,kWh/d
2018-10-30,164578756,kWh/d
2018-10-31,174258374,kWh/d
2018-11-01,164572107,kWh/d
2018-11-02,164572107,kWh/d
2018-11-03,164572107,kWh/d
2018-11-04,164572107,kWh/d
2018-11-05,164572107,kWh/d
2018-11-06,164572107,kWh/d
2018-11-07,164572107,kWh/d
2018-11-08,164572107,kWh/d
2018-11-09,164572107,kWh/d
2018-11-10,164572107,kWh/d
2018-11-11,164572107,kWh/d
2018-11-12,164572107,kWh/d
2018-11-13,164572107,kWh/d
2018-11-14,164572107,kWh/d
2018-11-15,164572107,kWh/d
2018-11-16,164572107,kWh/d
2018-11-17,164572107,kWh/d
2018-11-18,164572107,kWh/d
2018-11-19,164572107,kWh/d
2018-11-20,164572107,kWh/d
2018-11-21,164572107,kWh/d
2018-11-22,164572107,kWh/d
2018-11-23,164572107,kWh/d
2018-11-24,164572107,kWh/d
2018-11-25,164572107,kWh/d
2018-11-26,164572107,kWh/d
2018-11-27,164572107,kWh/d
2018-11-28,164572107,kWh/d
2018-11-29,164572107,kWh/d
2018-11-30,164572107,kWh/d
2018-12-01,164572107,kWh/d
2018-12-02,164572107,kWh/d
2018-12-03,164572107,kWh/d
2018-12-04,164572107,kWh/d
2018-12-05,164572107,kWh/d
2018-12-06,164572107,kWh/d
2018-12-07,164572107,kWh/d
2018-12-08,164572107,kWh/d
2018-12-09,164572107,kWh/d
2018-12-10,164572107,kWh/d
2018-12-11,164572107,kWh/d
2018-12-12,164572107,kWh/d
2018-12-13,164572107,kWh/d
2018-12-14,164572107,kWh/d
2018-12-15,164572107,kWh/d
2018-12-16,164572107,kWh/d
2018-12-17,164572107,kWh/d
2018-12-18,164572107,kWh/d
2018-12-19,164572107,kWh/d
2018-12-20,164572107,kWh/d
2018-12-21,164572107,kWh/d
2018-12-22,164572107,kWh/d
2018-12-23,164572107,kWh/d
2018-12-24,164572107,kWh/d
2018-12-25,164572107,kWh/d
2018-12-26,164572107,kWh/d
2018-12-27,164572107,kWh/d
2018-12-28,164572107,kWh/d
2018-12-29,164572107,kWh/d
2018-12-30,164572107,kWh/d
2018-12-31,164572107,kWh/d
2019-01-01,164572108,kWh/d
2019-01-02,164572108,kWh/d
2019-01-03,164572108,kWh/d
2019-01-04,164572060,kWh/d
2019-01-05,164572060,kWh/d
2019-01-06,164572060,kWh/d
2019-01-07,164572060,kWh/d
2019-01-08,164572060,kWh/d
2019-01-09,164572108,kWh/d
2019-01-10,164572060,kWh/d
2019-01-11,164572060,kWh/d
2019-01-12,164572060,kWh/d
2019-01-13,164572060,kWh/d
2019-01-14,164572060,kWh/d
2019-01-15,164572060,kWh/d
2019-01-16,164572060,kWh/d
2019-01-17,164572060,kWh/d
2019-01-18,164572060,kWh/d
2019-01-19,164572060,kWh/d
2019-01-20,164572060,kWh/d
2019-01-21,164572060,kWh/d
2019-01-22,164572060,kWh/d
2019-01-23,164572060,kWh/d
2019-01-24,164572060,kWh/d
2019-01-25,164572060,kWh/d
2019-01-26,164572060,kWh/d
2019-01-27,164572060,kWh/d
2019-01-28,164572060,kWh/d
2019-01-29,164572060,kWh/d
2019-01-30,164572060,kWh/d
2019-01-31,164572060,kWh/d
2019-02-01,164572060,kWh/d
2019-02-02,164572060,kWh/d
2019-02-03,164572060,kWh/d
2019-02-04,164572060,kWh/d
2019-02-05,164572060,kWh/d
2019-02-06,164572060,kWh/d
2019-02-07,164572060,kWh/d
2019-02-08,164572060,kWh/d
2019-02-09,164572060,kWh/d
2019-02-10,164572060,kWh/d
2019-02-11,164572060,kWh/d
2019-02-12,164572060,kWh/d
2019-02-13,164572060,kWh/d
2019-02-14,164572060,kWh/d
2019-02-15,164572060,kWh/d
2019-02-16,164572060,kWh/d
2019-02-17,164572060,kWh/d
2019-02-18,164572060,kWh/d
2019-02-19,164572060,kWh/d
2019-02-20,164572108,kWh/d
2019-02-21,164572060,kWh/d
2019-02-22,164572060,kWh/d
2019-02-23,164572060,kWh/d
2019-02-24,164572060,kWh/d
2019-02-25,164572060,kWh/d
2019-02-26,164572060,kWh/d
2019-02-27,164572060,kWh/d
2019-02-28,164572060,kWh/d
2019-03-01,164572060,kWh/d
2019-03-02,164572060,kWh/d
2019-03-03,164572060,kWh/d
2019-03-04,164572060,kWh/d
2019-03-05,164572060,kWh/d
2019-03-06,164572060,kWh/d
2019-03-07,164572060,kWh/d
2019-03-08,164572060,kWh/d
2019-03-09,164572060,kWh/d
2019-03-10,164572060,kWh/d
2019-03-11,164572060,kWh/d
2019-03-12,164572060,kWh/d
2019-03-13,164572060,kWh/d
2019-03-14,164572060,kWh/d
2019-03-15,164572060,kWh/d
2019-03-16,164572060,kWh/d
2019-03-17,164572060,kWh/d
2019-03-18,164572060,kWh/d
2019-03-19,164572060,kWh/d
2019-03-20,164572084,kWh/d
2019-03-21,164572060,kWh/d
2019-03-22,164572060,kWh/d
2019-03-23,164572060,kWh/d
2019-03-24,164572060,kWh/d
2019-03-25,164572060,kWh/d
2019-03-26,164572060,kWh/d
2019-03-27,164572060,kWh/d
2019-03-28,164572060,kWh/d
2019-03-29,164572060,kWh/d
2019-03-30,164572060,kWh/d
2019-03-31,164572060,kWh/d
2019-04-01,174546171,kWh/d
2019-04-02,174546171,kWh/d
2019-04-03,150100060,kWh/d
2019-04-04,174546171,kWh/d
2019-04-05,157540060,kWh/d
2019-04-06,150100060,kWh/d
2019-04-07,150100060,kWh/d
2019-04-08,150106460,kWh/d
2019-04-09,150115339,kWh/d
2019-04-10,150100060,kWh/d
2019-04-11,150115689,kWh/d
2019-04-12,165300051,kWh/d
2019-04-13,150102328,kWh/d
2019-04-14,150100060,kWh/d
2019-04-15,150100060,kWh/d
2019-04-16,150100060,kWh/d
2019-04-17,150100060,kWh/d
2019-04-18,150100060,kWh/d
2019-04-19,150115164,kWh/d
2019-04-20,150100060,kWh/d
2019-04-21,150114312,kWh/d
2019-04-22,150116357,kWh/d
2019-04-23,150100060,kWh/d
2019-04-24,150100060,kWh/d
2019-04-25,150100060,kWh/d
2019-04-26,150109709,kWh/d
2019-04-27,150100060,kWh/d
2019-04-28,150100060,kWh/d
2019-04-29,160908131,kWh/d
2019-04-30,174546171,kWh/d
2019-05-01,150101067,kWh/d
2019-05-02,150101067,kWh/d
2019-05-03,150101067,kWh/d
2019-05-04,150101067,kWh/d
2019-05-05,150101067,kWh/d
2019-05-06,150101067,kWh/d
2019-05-07,150101067,kWh/d
2019-05-08,150101067,kWh/d
2019-05-09,150101067,kWh/d
2019-05-10,150101067,kWh/d
2019-05-11,150101067,kWh/d
2019-05-12,150101067,kWh/d
2019-05-13,150101067,kWh/d
2019-05-14,150101067,kWh/d
2019-05-15,150101067,kWh/d
2019-05-16,150101067,kWh/d
2019-05-17,150101067,kWh/d
2019-05-18,150101067,kWh/d
2019-05-19,150101067,kWh/d
2019-05-20,150101067,kWh/d
2019-05-21,150101067,kWh/d
2019-05-22,150101067,kWh/d
2019-05-23,150101067,kWh/d
2019-05-24,150101067,kWh/d
2019-05-25,150101067,kWh/d
2019-05-26,150101067,kWh/d
2019-05-27,159701067,kWh/d
2019-05-28,150101067,kWh/d
2019-05-29,150101067,kWh/d
2019-05-30,150110016,kWh/d
2019-05-31,162106377,kWh/d
2019-06-01,150100060,kWh/d
2019-06-02,150100060,kWh/d
2019-06-03,150100060,kWh/d
2019-06-04,150100060,kWh/d
2019-06-05,150100060,kWh/d
2019-06-06,150100060,kWh/d
2019-06-07,150100060,kWh/d
2019-06-08,150100060,kWh/d
2019-06-09,150100060,kWh/d
2019-06-10,150100060,kWh/d
2019-06-11,150100060,kWh/d
2019-06-12,150100060,kWh/d
2019-06-13,150100060,kWh/d
2019-06-14,150100060,kWh/d
2019-06-15,150100060,kWh/d
2019-06-16,150100060,kWh/d
2019-06-17,150100060,kWh/d
2019-06-18,150100060,kWh/d
2019-06-19,150100060,kWh/d
2019-06-20,150100060,kWh/d
2019-06-21,150100060,kWh/d
2019-06-22,150100060,kWh/d
2019-06-23,150100060,kWh/d
2019-06-24,150100060,kWh/d
2019-06-25,150100060,kWh/d
2019-06-26,150100060,kWh/d
2019-06-27,150100060,kWh/d
2019-06-28,150100060,kWh/d
2019-06-29,174546171,kWh/d
2019-06-30,174546171,kWh/d
2019-07-01,152260060,kWh/d
2019-07-02,152260060,kWh/d
2019-07-03,152260060,kWh/d
2019-07-04,152260060,kWh/d
2019-07-05,152260060,kWh/d
2019-07-06,152260060,kWh/d
2019-07-07,152260060,kWh/d
2019-07-08,152260060,kWh/d
2019-07-09,152260060,kWh/d
2019-07-10,152260060,kWh/d
2019-07-11,152260060,kWh/d
2019-07-12,152260060,kWh/d
2019-07-13,152260060,kWh/d
2019-07-14,152260060,kWh/d
2019-07-15,152260060,kWh/d
2019-07-16,152260060,kWh/d
2019-07-17,152260060,kWh/d
2019-07-18,152260060,kWh/d
2019-07-19,152260060,kWh/d
2019-07-20,152260060,kWh/d
2019-07-21,152260060,kWh/d
2019-07-22,152260060,kWh/d
2019-07-23,152260060,kWh/d
2019-07-24,152260060,kWh/d
2019-07-25,152260060,kWh/d
2019-07-26,152260060,kWh/d
2019-07-27,152260060,kWh/d
2019-07-28,152260060,kWh/d
2019-07-29,152260060,kWh/d
2019-07-30,152260060,kWh/d
2019-07-31,152260060,kWh/d
2019-08-01,167315068,kWh/d
2019-08-02,167315068,kWh/d
2019-08-03,167315068,kWh/d
2019-08-04,167315068,kWh/d
2019-08-05,167315068,kWh/d
2019-08-06,167315068,kWh/d
2019-08-07,174546171,kWh/d
2019-08-08,174546171,kWh/d
2019-08-09,167315068,kWh/d
2019-08-10,167315068,kWh/d
2019-08-11,167315068,kWh/d
2019-08-12,167315068,kWh/d
2019-08-13,167315068,kWh/d
2019-08-14,167315068,kWh/d
2019-08-15,167315068,kWh/d
2019-08-16,167315068,kWh/d
2019-08-17,167315068,kWh/d
2019-08-18,167315068,kWh/d
2019-08-19,167315068,kWh/d
2019-08-20,167315068,kWh/d
2019-08-21,167315068,kWh/d
2019-08-22,167315068,kWh/d
2019-08-23,167315068,kWh/d
2019-08-24,167315068,kWh/d
2019-08-25,167315068,kWh/d
2019-08-26,167315068,kWh/d
2019-08-27,174546171,kWh/d
2019-08-28,174546171,kWh/d
2019-08-29,174546171,kWh/d
2019-08-30,174546171,kWh/d
2019-08-31,167315068,kWh/d
2019-09-01,150100060,kWh/d
2019-09-02,150100060,kWh/d
2019-09-03,150114344,kWh/d
2019-09-04,174546171,kWh/d
2019-09-05,150100060,kWh/d
2019-09-06,150100060,kWh/d
2019-09-07,150100060,kWh/d
2019-09-08,150100060,kWh/d
2019-09-09,150100060,kWh/d
2019-09-10,150100060,kWh/d
2019-09-11,150100060,kWh/d
2019-09-12,150100060,kWh/d
2019-09-13,150100060,kWh/d
2019-09-14,150100060,kWh/d
2019-09-15,150100060,kWh/d
2019-09-16,150106164,kWh/d
2019-09-17,150100060,kWh/d
2019-09-18,174546171,kWh/d
2019-09-19,174546171,kWh/d
2019-09-20,174546170,kWh/d
2019-09-21,150100060,kWh/d
2019-09-22,158500060,kWh/d
2019-09-23,150100060,kWh/d
2019-09-24,150100060,kWh/d
2019-09-25,150100060,kWh/d
2019-09-26,150100060,kWh/d
2019-09-27,150100060,kWh/d
2019-09-28,174546171,kWh/d
2019-09-29,174546171,kWh/d
2019-09-30,150100060,kWh/d
2019-10-01,174546171,kWh/d
2019-10-02,146140108,kWh/d
2019-10-03,173524107,kWh/d
2019-10-04,146140108,kWh/d
2019-10-05,146140108,kWh/d
2019-10-06,146140108,kWh/d
2019-10-07,174546169,kWh/d
2019-10-08,174546171,kWh/d
2019-10-09,174546170,kWh/d
2019-10-10,174546170,kWh/d
2019-10-11,175004979,kWh/d
2019-10-12,169201708,kWh/d
2019-10-13,168687100,kWh/d
2019-10-14,153133947,kWh/d
2019-10-15,146140108,kWh/d
2019-10-16,146142108,kWh/d
2019-10-17,174232107,kWh/d
2019-10-18,154470124,kWh/d
2019-10-19,146140108,kWh/d
2019-10-20,146142475,kWh/d
2019-10-21,174546169,kWh/d
2019-10-22,174546171,kWh/d
2019-10-23,174546171,kWh/d
2019-10-24,174546168,kWh/d
2019-10-25,174546170,kWh/d
2019-10-26,160091139,kWh/d
2019-10-27,160650532,kWh/d
2019-10-28,150190108,kWh/d
2019-10-29,157138107,kWh/d
2019-10-30,146140108,kWh/d
2019-10-31,146140108,kWh/d
2019-11-01,146140108,kWh/d
2019-11-02,146140108,kWh/d
2019-11-03,146140108,kWh/d
2019-11-04,146140108,kWh/d
2019-11-05,146140108,kWh/d
2019-11-06,146140108,kWh/d
2019-11-07,146140108,kWh/d
2019-11-08,146140108,kWh/d
2019-11-09,146140108,kWh/d
2019-11-10,146140108,kWh/d
2019-11-11,146140108,kWh/d
2019-11-12,146140108,kWh/d
2019-11-13,146140108,kWh/d
2019-11-14,146140108,kWh/d
2019-11-15,146140108,kWh/d
2019-11-16,146140108,kWh/d
2019-11-17,146140108,kWh/d
2019-11-18,146140108,kWh/d
2019-11-19,146140108,kWh/d
2019-11-20,146140108,kWh/d
2019-11-21,146140108,kWh/d
2019-11-22,146140108,kWh/d
2019-11-23,146140108,kWh/d
2019-11-24,146140108,kWh/d
2019-11-25,146140108,kWh/d
2019-11-26,146140108,kWh/d
2019-11-27,146140108,kWh/d
2019-11-28,146140108,kWh/d
2019-11-29,146140108,kWh/d
2019-11-30,146140108,kWh/d
2019-12-01,146140108,kWh/d
2019-12-02,146140108,kWh/d
2019-12-03,146140108,kWh/d
2019-12-04,146140108,kWh/d
2019-12-05,146140108,kWh/d
2019-12-06,146140108,kWh/d
2019-12-07,146140108,kWh/d
2019-12-08,146140108,kWh/d
2019-12-09,146140108,kWh/d
2019-12-10,146140108,kWh/d
2019-12-11,146140108,kWh/d
2019-12-12,146140108,kWh/d
2019-12-13,146140108,kWh/d
2019-12-14,146140108,kWh/d
2019-12-15,146140108,kWh/d
2019-12-16,146140108,kWh/d
2019-12-17,146140108,kWh/d
2019-12-18,146140108,kWh/d
2019-12-19,146140108,kWh/d
2019-12-20,146140108,kWh/d
2019-12-21,146140108,kWh/d
2019-12-22,146140108,kWh/d
2019-12-23,146140108,kWh/d
2019-12-24,146140108,kWh/d
2019-12-25,146140108,kWh/d
2019-12-26,146140108,kWh/d
2019-12-27,146140108,kWh/d
2019-12-28,146140108,kWh/d
2019-12-29,146140108,kWh/d
2019-12-30,146140108,kWh/d
2019-12-31,146140108,kWh/d
2020-01-01,146140108,kWh/d
2020-01-02,146140108,kWh/d
2020-01-03,146140108,kWh/d
2020-01-04,146140108,kWh/d
2020-01-05,146140108,kWh/d
2020-01-06,146140108,kWh/d
2020-01-07,146140108,kWh/d
2020-01-08,146140108,kWh/d
2020-01-09,146140108,kWh/d
2020-01-10,146140108,kWh/d
2020-01-11,146140108,kWh/d
2020-01-12,146140108,kWh/d
2020-01-13,146140108,kWh/d
2020-01-14,146140108,kWh/d
2020-01-15,146140108,kWh/d
2020-01-16,146140108,kWh/d
2020-01-17,146140108,kWh/d
2020-01-18,146140108,kWh/d
2020-01-19,146140108,kWh/d
2020-01-20,146140108,kWh/d
2020-01-21,146140108,kWh/d
2020-01-22,146140108,kWh/d
2020-01-23,146140108,kWh/d
2020-01-24,161284107,kWh/d
2020-01-25,146140108,kWh/d
2020-01-26,146140108,kWh/d
2020-01-27,146140108,kWh/d
2020-01-28,146140108,kWh/d
2020-01-29,146140108,kWh/d
2020-01-30,146140108,kWh/d
2020-01-31,146140108,kWh/d
2020-02-01,146140108,kWh/d
